source_id,physical_note_id,denomination,source_type,path
SRC_000001,PN_10_0001,10,kaggle_or_raw,data2/data/raw/ten_new/IMG_1666261417034.jpg
SRC_000002,PN_10_0001,10,kaggle_or_raw,data2/data/raw/ten_new/IMG_1666261422212.jpg
SRC_000003,PN_10_0001,10,kaggle_or_raw,data2/data/raw/ten_new/IMG_1666261430932.jpg
SRC_000004,PN_10_0001,10,kaggle_or_raw,data2/data/raw/ten_new/IMG_1666261436356.jpg
SRC_000005,PN_10_0001,10,kaggle_or_raw,data2/data/raw/ten_new/IMG_1666261461815.jpg
SRC_000006,PN_10_0001,10,kaggle_or_raw,data2/data/raw/ten_new/IMG_1666261510521.jpg
SRC_000007,PN_10_0001,10,kaggle_or_raw,data2/data/raw/ten_new/IMG_1666261522441.jpg
SRC_000008,PN_10_0001,10,kaggle_or_raw,data2/data/raw/ten_new/IMG_1666261535548.jpg
SRC_000009,PN_10_0001,10,kaggle_or_raw,data2/data/raw/ten_new/IMG_1666261569130.jpg
SRC_000010,PN_10_0001,10,kaggle_or_raw,data2/data/raw/ten_new/IMG_1666261575546.jpg
SRC_000011,PN_10_0001,10,kaggle_or_raw,data2/data/raw/ten_new/IMG_1666261606145.jpg
SRC_000012,PN_10_0001,10,kaggle_or_raw,data2/data/raw/ten_new/IMG_1666261613524.jpg
SRC_000013,PN_10_0001,10,kaggle_or_raw,data2/data/raw/ten_new/IMG_1666261629304.jpg
SRC_000014,PN_10_0001,10,kaggle_or_raw,data2/data/raw/ten_new/IMG_1666261635382.jpg
SRC_000015,PN_10_0001,10,kaggle_or_raw,data2/data/raw/ten_new/IMG_1666261644714.jpg
SRC_000016,PN_10_0001,10,kaggle_or_raw,data2/data/raw/ten_new/IMG_1666261655813.jpg
SRC_000017,PN_10_0001,10,kaggle_or_raw,data2/data/raw/ten_new/IMG_1666261671577.jpg
SRC_000018,PN_10_0001,10,kaggle_or_raw,data2/data/raw/ten_new/IMG_1666261676671.jpg
SRC_000019,PN_10_0001,10,kaggle_or_raw,data2/data/raw/ten_new/IMG_1666261683878.jpg
SRC_000020,PN_10_0001,10,kaggle_or_raw,data2/data/raw/ten_new/IMG_1666261692402.jpg
SRC_000021,PN_10_0001,10,kaggle_or_raw,data2/data/raw/ten_new/IMG_1666261710513.jpg
SRC_000022,PN_10_0001,10,kaggle_or_raw,data2/data/raw/ten_new/IMG_1666261728869.jpg
SRC_000023,PN_10_0001,10,kaggle_or_raw,data2/data/raw/ten_new/IMG_1666261741357.jpg
SRC_000024,PN_10_0001,10,kaggle_or_raw,data2/data/raw/ten_new/IMG_1666261746982.jpg
SRC_000025,PN_10_0001,10,kaggle_or_raw,data2/data/raw/ten_new/IMG_1666261840311.jpg
SRC_000026,PN_10_0001,10,kaggle_or_raw,data2/data/raw/ten_new/IMG_1666261844740.jpg
SRC_000027,PN_10_0001,10,kaggle_or_raw,data2/data/raw/ten_new/IMG_1666261857528.jpg
SRC_000028,PN_10_0001,10,kaggle_or_raw,data2/data/raw/ten_new/IMG_1666261861654.jpg
SRC_000029,PN_10_0001,10,kaggle_or_raw,data2/data/raw/ten_new/IMG_1666261868444.jpg
SRC_000030,PN_10_0001,10,kaggle_or_raw,data2/data/raw/ten_new/IMG_1666261914674.jpg
SRC_000031,PN_10_0001,10,kaggle_or_raw,data2/data/raw/ten_new/IMG_1666261926509.jpg
SRC_000032,PN_10_0001,10,kaggle_or_raw,data2/data/raw/ten_new/IMG_1666261933686.jpg
SRC_000033,PN_10_0001,10,kaggle_or_raw,data2/data/raw/ten_new/IMG_1666261962418.jpg
SRC_000034,PN_10_0001,10,kaggle_or_raw,data2/data/raw/ten_new/IMG_1666261976083.jpg
SRC_000035,PN_10_0001,10,kaggle_or_raw,data2/data/raw/ten_new/IMG_1666261990462.jpg
SRC_000036,PN_10_0001,10,kaggle_or_raw,data2/data/raw/ten_new/IMG_1666261996038.jpg
SRC_000037,PN_10_0001,10,kaggle_or_raw,data2/data/raw/ten_new/IMG_1666262001388.jpg
SRC_000038,PN_10_0001,10,kaggle_or_raw,data2/data/raw/ten_new/IMG_1666262005922.jpg
SRC_000039,PN_10_0001,10,kaggle_or_raw,data2/data/raw/ten_new/IMG_1666262016324.jpg
SRC_000040,PN_10_0001,10,kaggle_or_raw,data2/data/raw/ten_new/IMG_1666262021493.jpg
SRC_000041,PN_10_0002,10,kaggle_or_raw,data2/data/raw/ten_new/IMG_1666263537326.jpg
SRC_000042,PN_10_0002,10,kaggle_or_raw,data2/data/raw/ten_new/IMG_1666263542720.jpg
SRC_000043,PN_10_0002,10,kaggle_or_raw,data2/data/raw/ten_new/IMG_1666263552928.jpg
SRC_000044,PN_10_0002,10,kaggle_or_raw,data2/data/raw/ten_new/IMG_1666263557953.jpg
SRC_000045,PN_10_0002,10,kaggle_or_raw,data2/data/raw/ten_new/IMG_1666263577552.jpg
SRC_000046,PN_10_0002,10,kaggle_or_raw,data2/data/raw/ten_new/IMG_1666263584993.jpg
SRC_000047,PN_10_0002,10,kaggle_or_raw,data2/data/raw/ten_new/IMG_1666263592255.jpg
SRC_000048,PN_10_0002,10,kaggle_or_raw,data2/data/raw/ten_new/IMG_1666263610249.jpg
SRC_000049,PN_10_0002,10,kaggle_or_raw,data2/data/raw/ten_new/IMG_1666263616153.jpg
SRC_000050,PN_10_0002,10,kaggle_or_raw,data2/data/raw/ten_new/IMG_1666263622387.jpg
SRC_000051,PN_10_0002,10,kaggle_or_raw,data2/data/raw/ten_new/IMG_1666263632435.jpg
SRC_000052,PN_10_0008,10,kaggle_or_raw,data2/data/raw/ten_new/IMG_1667831692871.jpg
SRC_000053,PN_10_0008,10,kaggle_or_raw,data2/data/raw/ten_new/IMG_1667831698134.jpg
SRC_000054,PN_10_0008,10,kaggle_or_raw,data2/data/raw/ten_new/IMG_1667831708015.jpg
SRC_000055,PN_10_0009,10,kaggle_or_raw,data2/data/raw/ten_new/IMG_1667831794884.jpg
SRC_000056,PN_10_0009,10,kaggle_or_raw,data2/data/raw/ten_new/IMG_1667831805159.jpg
SRC_000057,PN_10_0009,10,kaggle_or_raw,data2/data/raw/ten_new/IMG_1667831809369.jpg
SRC_000058,PN_10_0009,10,kaggle_or_raw,data2/data/raw/ten_new/IMG_1667831813780.jpg
SRC_000059,PN_10_0009,10,kaggle_or_raw,data2/data/raw/ten_new/IMG_1667831818225.jpg
SRC_000060,PN_10_0009,10,kaggle_or_raw,data2/data/raw/ten_new/IMG_1667831825988.jpg
SRC_000061,PN_10_0009,10,kaggle_or_raw,data2/data/raw/ten_new/IMG_1667831833473.jpg
SRC_000062,PN_10_0009,10,kaggle_or_raw,data2/data/raw/ten_new/IMG_1667831841117.jpg
SRC_000063,PN_10_0009,10,kaggle_or_raw,data2/data/raw/ten_new/IMG_1667831849693.jpg
SRC_000064,PN_10_0009,10,kaggle_or_raw,data2/data/raw/ten_new/IMG_1667831854003.jpg
SRC_000065,PN_10_0009,10,kaggle_or_raw,data2/data/raw/ten_new/IMG_1667831863040.jpg
SRC_000066,PN_10_0009,10,kaggle_or_raw,data2/data/raw/ten_new/IMG_1667831867824.jpg
SRC_000067,PN_10_0009,10,kaggle_or_raw,data2/data/raw/ten_new/IMG_1667831873389.jpg
SRC_000068,PN_10_0009,10,kaggle_or_raw,data2/data/raw/ten_new/IMG_1667831878272.jpg
SRC_000069,PN_10_0009,10,kaggle_or_raw,data2/data/raw/ten_new/IMG_1667831882737.jpg
SRC_000070,PN_10_0009,10,kaggle_or_raw,data2/data/raw/ten_new/IMG_1667831887519.jpg
SRC_000071,PN_10_0009,10,kaggle_or_raw,data2/data/raw/ten_new/IMG_1667831922529.jpg
SRC_000072,PN_10_0009,10,kaggle_or_raw,data2/data/raw/ten_new/IMG_1667831928759.jpg
SRC_000073,PN_10_0009,10,kaggle_or_raw,data2/data/raw/ten_new/IMG_1667831935590.jpg
SRC_000074,PN_10_0009,10,kaggle_or_raw,data2/data/raw/ten_new/IMG_1667831945631.jpg
SRC_000075,PN_10_0009,10,kaggle_or_raw,data2/data/raw/ten_new/IMG_1667831954036.jpg
SRC_000076,PN_10_0009,10,kaggle_or_raw,data2/data/raw/ten_new/IMG_1667831959104.jpg
SRC_000077,PN_10_0009,10,kaggle_or_raw,data2/data/raw/ten_new/IMG_1667831963030.jpg
SRC_000078,PN_10_0009,10,kaggle_or_raw,data2/data/raw/ten_new/IMG_1667831966765.jpg
SRC_000079,PN_10_0009,10,kaggle_or_raw,data2/data/raw/ten_new/IMG_1667831985459.jpg
SRC_000080,PN_10_0009,10,kaggle_or_raw,data2/data/raw/ten_new/IMG_1667831990425.jpg
SRC_000081,PN_10_0009,10,kaggle_or_raw,data2/data/raw/ten_new/IMG_1667831998838.jpg
SRC_000082,PN_10_0009,10,kaggle_or_raw,data2/data/raw/ten_new/IMG_1667832012209.jpg
SRC_000083,PN_10_0009,10,kaggle_or_raw,data2/data/raw/ten_new/IMG_1667832015824.jpg
SRC_000084,PN_10_0009,10,kaggle_or_raw,data2/data/raw/ten_new/IMG_1667832022080.jpg
SRC_000085,PN_10_0009,10,kaggle_or_raw,data2/data/raw/ten_new/IMG_1667832026363.jpg
SRC_000086,PN_10_0009,10,kaggle_or_raw,data2/data/raw/ten_new/IMG_1667832031857.jpg
SRC_000087,PN_10_0010,10,kaggle_or_raw,data2/data/raw/ten_new/IMG_1667832209814.jpg
SRC_000088,PN_10_0010,10,kaggle_or_raw,data2/data/raw/ten_new/IMG_1667832215039.jpg
SRC_000089,PN_10_0010,10,kaggle_or_raw,data2/data/raw/ten_new/IMG_1667832225865.jpg
SRC_000090,PN_10_0010,10,kaggle_or_raw,data2/data/raw/ten_new/IMG_1667832233795.jpg
SRC_000091,PN_10_0010,10,kaggle_or_raw,data2/data/raw/ten_new/IMG_1667832243487.jpg
SRC_000092,PN_10_0010,10,kaggle_or_raw,data2/data/raw/ten_new/IMG_1667832248327.jpg
SRC_000093,PN_10_0010,10,kaggle_or_raw,data2/data/raw/ten_new/IMG_1667832251841.jpg
SRC_000094,PN_10_0010,10,kaggle_or_raw,data2/data/raw/ten_new/IMG_1667832262421.jpg
SRC_000095,PN_10_0010,10,kaggle_or_raw,data2/data/raw/ten_new/IMG_1667832266540.jpg
SRC_000096,PN_10_0010,10,kaggle_or_raw,data2/data/raw/ten_new/IMG_1667832272739.jpg
SRC_000097,PN_10_0010,10,kaggle_or_raw,data2/data/raw/ten_new/IMG_1667832279535.jpg
SRC_000098,PN_10_0010,10,kaggle_or_raw,data2/data/raw/ten_new/IMG_1667832293179.jpg
SRC_000099,PN_10_0010,10,kaggle_or_raw,data2/data/raw/ten_new/IMG_1667832297692.jpg
SRC_000100,PN_10_0010,10,kaggle_or_raw,data2/data/raw/ten_new/IMG_1667832301688.jpg
SRC_000101,PN_10_0010,10,kaggle_or_raw,data2/data/raw/ten_new/IMG_1667832306624.jpg
SRC_000102,PN_10_0010,10,kaggle_or_raw,data2/data/raw/ten_new/IMG_1667832317760.jpg
SRC_000103,PN_10_0010,10,kaggle_or_raw,data2/data/raw/ten_new/IMG_1667832322976.jpg
SRC_000104,PN_10_0010,10,kaggle_or_raw,data2/data/raw/ten_new/IMG_1667832329617.jpg
SRC_000105,PN_10_0010,10,kaggle_or_raw,data2/data/raw/ten_new/IMG_1667832334152.jpg
SRC_000106,PN_10_0010,10,kaggle_or_raw,data2/data/raw/ten_new/IMG_1667832348156.jpg
SRC_000107,PN_10_0010,10,kaggle_or_raw,data2/data/raw/ten_new/IMG_1667832355678.jpg
SRC_000108,PN_10_0010,10,kaggle_or_raw,data2/data/raw/ten_new/IMG_1667832360377.jpg
SRC_000109,PN_10_0010,10,kaggle_or_raw,data2/data/raw/ten_new/IMG_1667832364718.jpg
SRC_000110,PN_10_0010,10,kaggle_or_raw,data2/data/raw/ten_new/IMG_1667832373414.jpg
SRC_000111,PN_10_0010,10,kaggle_or_raw,data2/data/raw/ten_new/IMG_1667832379947.jpg
SRC_000112,PN_10_0010,10,kaggle_or_raw,data2/data/raw/ten_new/IMG_1667832396527.jpg
SRC_000113,PN_10_0010,10,kaggle_or_raw,data2/data/raw/ten_new/IMG_1667832423629.jpg
SRC_000114,PN_10_0010,10,kaggle_or_raw,data2/data/raw/ten_new/IMG_1667832440529.jpg
SRC_000115,PN_10_0010,10,kaggle_or_raw,data2/data/raw/ten_new/IMG_1667832459778.jpg
SRC_000116,PN_10_0010,10,kaggle_or_raw,data2/data/raw/ten_new/IMG_1667832466774.jpg
SRC_000117,PN_10_0010,10,kaggle_or_raw,data2/data/raw/ten_new/IMG_1667832475676.jpg
SRC_000118,PN_10_0010,10,kaggle_or_raw,data2/data/raw/ten_new/IMG_1667832483871.jpg
SRC_000119,PN_10_0010,10,kaggle_or_raw,data2/data/raw/ten_new/IMG_1667832501930.jpg
SRC_000120,PN_10_0010,10,kaggle_or_raw,data2/data/raw/ten_new/IMG_1667832527865.jpg
SRC_000121,PN_10_0010,10,kaggle_or_raw,data2/data/raw/ten_new/IMG_1667832533522.jpg
SRC_000122,PN_10_0010,10,kaggle_or_raw,data2/data/raw/ten_new/IMG_1667832539146.jpg
SRC_000123,PN_10_0010,10,kaggle_or_raw,data2/data/raw/ten_new/IMG_1667832552911.jpg
SRC_000124,PN_10_0011,10,kaggle_or_raw,data2/data/raw/ten_new/IMG_1667833588166.jpg
SRC_000125,PN_10_0011,10,kaggle_or_raw,data2/data/raw/ten_new/IMG_1667833604515.jpg
SRC_000126,PN_10_0011,10,kaggle_or_raw,data2/data/raw/ten_new/IMG_1667833621349.jpg
SRC_000127,PN_10_0011,10,kaggle_or_raw,data2/data/raw/ten_new/IMG_1667833627905.jpg
SRC_000128,PN_10_0012,10,kaggle_or_raw,data2/data/raw/ten_new/IMG_1667833750303.jpg
SRC_000129,PN_10_0012,10,kaggle_or_raw,data2/data/raw/ten_new/IMG_1667833755704.jpg
SRC_000130,PN_10_0012,10,kaggle_or_raw,data2/data/raw/ten_new/IMG_1667833761866.jpg
SRC_000131,PN_10_0012,10,kaggle_or_raw,data2/data/raw/ten_new/IMG_1667833767314.jpg
SRC_000132,PN_10_0012,10,kaggle_or_raw,data2/data/raw/ten_new/IMG_1667833777437.jpg
SRC_000133,PN_10_0012,10,kaggle_or_raw,data2/data/raw/ten_new/IMG_1667833781763.jpg
SRC_000134,PN_10_0012,10,kaggle_or_raw,data2/data/raw/ten_new/IMG_1667833787330.jpg
SRC_000135,PN_10_0012,10,kaggle_or_raw,data2/data/raw/ten_new/IMG_1667833806582.jpg
SRC_000136,PN_10_0012,10,kaggle_or_raw,data2/data/raw/ten_new/IMG_1667833810497.jpg
SRC_000137,PN_10_0012,10,kaggle_or_raw,data2/data/raw/ten_new/IMG_1667833814607.jpg
SRC_000138,PN_10_0012,10,kaggle_or_raw,data2/data/raw/ten_new/IMG_1667833818676.jpg
SRC_000139,PN_10_0012,10,kaggle_or_raw,data2/data/raw/ten_new/IMG_1667833827027.jpg
SRC_000140,PN_10_0012,10,kaggle_or_raw,data2/data/raw/ten_new/IMG_1667833831230.jpg
SRC_000141,PN_10_0012,10,kaggle_or_raw,data2/data/raw/ten_new/IMG_1667833836211.jpg
SRC_000142,PN_10_0012,10,kaggle_or_raw,data2/data/raw/ten_new/IMG_1667833844127.jpg
SRC_000143,PN_10_0013,10,kaggle_or_raw,data2/data/raw/ten_new/IMG_1667833904213.jpg
SRC_000144,PN_10_0013,10,kaggle_or_raw,data2/data/raw/ten_new/IMG_1667833908447.jpg
SRC_000145,PN_10_0013,10,kaggle_or_raw,data2/data/raw/ten_new/IMG_1667833913541.jpg
SRC_000146,PN_10_0013,10,kaggle_or_raw,data2/data/raw/ten_new/IMG_1667833932423.jpg
SRC_000147,PN_10_0014,10,kaggle_or_raw,data2/data/raw/ten_new/IMG_1667834011760.jpg
SRC_000148,PN_10_0014,10,kaggle_or_raw,data2/data/raw/ten_new/IMG_1667834065807.jpg
SRC_000149,PN_10_0014,10,kaggle_or_raw,data2/data/raw/ten_new/IMG_1667834089038.jpg
SRC_000150,PN_10_0014,10,kaggle_or_raw,data2/data/raw/ten_new/IMG_1667834094797.jpg
SRC_000151,PN_10_0014,10,kaggle_or_raw,data2/data/raw/ten_new/IMG_1667834103712.jpg
SRC_000152,PN_10_0014,10,kaggle_or_raw,data2/data/raw/ten_new/IMG_1667834112888.jpg
SRC_000153,PN_10_0014,10,kaggle_or_raw,data2/data/raw/ten_new/IMG_1667834126111.jpg
SRC_000154,PN_10_0014,10,kaggle_or_raw,data2/data/raw/ten_new/IMG_1667834154448.jpg
SRC_000155,PN_10_0014,10,kaggle_or_raw,data2/data/raw/ten_new/IMG_1667834162581.jpg
SRC_000156,PN_10_0015,10,kaggle_or_raw,data2/data/raw/ten_new/IMG_1667834416802.jpg
SRC_000157,PN_10_0015,10,kaggle_or_raw,data2/data/raw/ten_new/IMG_1667834445132.jpg
SRC_000158,PN_10_0015,10,kaggle_or_raw,data2/data/raw/ten_new/IMG_1667834458762.jpg
SRC_000159,PN_10_0015,10,kaggle_or_raw,data2/data/raw/ten_new/IMG_1667834492514.jpg
SRC_000160,PN_10_0015,10,kaggle_or_raw,data2/data/raw/ten_new/IMG_1667834501503.jpg
SRC_000161,PN_10_0015,10,kaggle_or_raw,data2/data/raw/ten_new/IMG_1667834508933.jpg
SRC_000162,PN_10_0015,10,kaggle_or_raw,data2/data/raw/ten_new/IMG_1667834512754.jpg
SRC_000163,PN_10_0015,10,kaggle_or_raw,data2/data/raw/ten_new/IMG_1667834523548.jpg
SRC_000164,PN_10_0015,10,kaggle_or_raw,data2/data/raw/ten_new/IMG_1667834541791.jpg
SRC_000165,PN_10_0015,10,kaggle_or_raw,data2/data/raw/ten_new/IMG_1667834555721.jpg
SRC_000166,PN_10_0015,10,kaggle_or_raw,data2/data/raw/ten_new/IMG_1667834570000.jpg
SRC_000167,PN_10_0015,10,kaggle_or_raw,data2/data/raw/ten_new/IMG_1667834581748.jpg
SRC_000168,PN_10_0016,10,kaggle_or_raw,data2/data/raw/ten_new/IMG_1667843000035.jpg
SRC_000169,PN_10_0016,10,kaggle_or_raw,data2/data/raw/ten_new/IMG_1667843003791.jpg
SRC_000170,PN_10_0016,10,kaggle_or_raw,data2/data/raw/ten_new/IMG_1667843008461.jpg
SRC_000171,PN_10_0016,10,kaggle_or_raw,data2/data/raw/ten_new/IMG_1667843014221.jpg
SRC_000172,PN_10_0016,10,kaggle_or_raw,data2/data/raw/ten_new/IMG_1667843019637.jpg
SRC_000173,PN_10_0016,10,kaggle_or_raw,data2/data/raw/ten_new/IMG_1667843024976.jpg
SRC_000174,PN_10_0016,10,kaggle_or_raw,data2/data/raw/ten_new/IMG_1667843028570.jpg
SRC_000175,PN_10_0016,10,kaggle_or_raw,data2/data/raw/ten_new/IMG_1667843033215.jpg
SRC_000176,PN_10_0016,10,kaggle_or_raw,data2/data/raw/ten_new/IMG_1667843036999.jpg
SRC_000177,PN_10_0016,10,kaggle_or_raw,data2/data/raw/ten_new/IMG_1667843042703.jpg
SRC_000178,PN_10_0016,10,kaggle_or_raw,data2/data/raw/ten_new/IMG_1667843052334.jpg
SRC_000179,PN_10_0016,10,kaggle_or_raw,data2/data/raw/ten_new/IMG_1667843056276.jpg
SRC_000180,PN_10_0016,10,kaggle_or_raw,data2/data/raw/ten_new/IMG_1667843060085.jpg
SRC_000181,PN_10_0016,10,kaggle_or_raw,data2/data/raw/ten_new/IMG_1667843063574.jpg
SRC_000182,PN_10_0016,10,kaggle_or_raw,data2/data/raw/ten_new/IMG_1667843067305.jpg
SRC_000183,PN_10_0016,10,kaggle_or_raw,data2/data/raw/ten_new/IMG_1667843072953.jpg
SRC_000184,PN_10_0016,10,kaggle_or_raw,data2/data/raw/ten_new/IMG_1667843077556.jpg
SRC_000185,PN_10_0016,10,kaggle_or_raw,data2/data/raw/ten_new/IMG_1667843081878.jpg
SRC_000186,PN_10_0016,10,kaggle_or_raw,data2/data/raw/ten_new/IMG_1667843088203.jpg
SRC_000187,PN_10_0016,10,kaggle_or_raw,data2/data/raw/ten_new/IMG_1667843292149.jpg
SRC_000188,PN_10_0016,10,kaggle_or_raw,data2/data/raw/ten_new/IMG_1667843295689.jpg
SRC_000189,PN_10_0016,10,kaggle_or_raw,data2/data/raw/ten_new/IMG_1667843300579.jpg
SRC_000190,PN_10_0016,10,kaggle_or_raw,data2/data/raw/ten_new/IMG_1667843304613.jpg
SRC_000191,PN_10_0016,10,kaggle_or_raw,data2/data/raw/ten_new/IMG_1667843308276.jpg
SRC_000192,PN_10_0016,10,kaggle_or_raw,data2/data/raw/ten_new/IMG_1667843311490.jpg
SRC_000193,PN_10_0016,10,kaggle_or_raw,data2/data/raw/ten_new/IMG_1667843315327.jpg
SRC_000194,PN_10_0016,10,kaggle_or_raw,data2/data/raw/ten_new/IMG_1667843319074.jpg
SRC_000195,PN_10_0016,10,kaggle_or_raw,data2/data/raw/ten_new/IMG_1667843325812.jpg
SRC_000196,PN_10_0016,10,kaggle_or_raw,data2/data/raw/ten_new/IMG_1667843330453.jpg
SRC_000197,PN_10_0016,10,kaggle_or_raw,data2/data/raw/ten_new/IMG_1667843333867.jpg
SRC_000198,PN_10_0016,10,kaggle_or_raw,data2/data/raw/ten_new/IMG_1667843337277.jpg
SRC_000199,PN_10_0016,10,kaggle_or_raw,data2/data/raw/ten_new/IMG_1667843344119.jpg
SRC_000200,PN_10_0016,10,kaggle_or_raw,data2/data/raw/ten_new/IMG_1667843348545.jpg
SRC_000201,PN_10_0016,10,kaggle_or_raw,data2/data/raw/ten_new/IMG_1667843352463.jpg
SRC_000202,PN_10_0016,10,kaggle_or_raw,data2/data/raw/ten_new/IMG_1667843357446.jpg
SRC_000203,PN_10_0016,10,kaggle_or_raw,data2/data/raw/ten_new/IMG_1667843361741.jpg
SRC_000204,PN_10_0016,10,kaggle_or_raw,data2/data/raw/ten_new/IMG_1667843365999.jpg
SRC_000205,PN_10_0016,10,kaggle_or_raw,data2/data/raw/ten_new/IMG_1667843370641.jpg
SRC_000206,PN_10_0016,10,kaggle_or_raw,data2/data/raw/ten_new/IMG_1667843375722.jpg
SRC_000207,PN_10_0016,10,kaggle_or_raw,data2/data/raw/ten_new/IMG_1667843393374.jpg
SRC_000208,PN_10_0016,10,kaggle_or_raw,data2/data/raw/ten_new/IMG_1667843396918.jpg
SRC_000209,PN_10_0016,10,kaggle_or_raw,data2/data/raw/ten_new/IMG_1667843400140.jpg
SRC_000210,PN_10_0016,10,kaggle_or_raw,data2/data/raw/ten_new/IMG_1667843405700.jpg
SRC_000211,PN_10_0016,10,kaggle_or_raw,data2/data/raw/ten_new/IMG_1667843413944.jpg
SRC_000212,PN_10_0016,10,kaggle_or_raw,data2/data/raw/ten_new/IMG_1667843417499.jpg
SRC_000213,PN_10_0016,10,kaggle_or_raw,data2/data/raw/ten_new/IMG_1667843421661.jpg
SRC_000214,PN_10_0016,10,kaggle_or_raw,data2/data/raw/ten_new/IMG_1667843425445.jpg
SRC_000215,PN_10_0016,10,kaggle_or_raw,data2/data/raw/ten_new/IMG_1667843431091.jpg
SRC_000216,PN_10_0016,10,kaggle_or_raw,data2/data/raw/ten_new/IMG_1667843434523.jpg
SRC_000217,PN_10_0016,10,kaggle_or_raw,data2/data/raw/ten_new/IMG_1667843438457.jpg
SRC_000218,PN_10_0016,10,kaggle_or_raw,data2/data/raw/ten_new/IMG_1667843441540.jpg
SRC_000219,PN_10_0016,10,kaggle_or_raw,data2/data/raw/ten_new/IMG_1667843447232.jpg
SRC_000220,PN_10_0016,10,kaggle_or_raw,data2/data/raw/ten_new/IMG_1667843451349.jpg
SRC_000221,PN_10_0016,10,kaggle_or_raw,data2/data/raw/ten_new/IMG_1667843455501.jpg
SRC_000222,PN_10_0016,10,kaggle_or_raw,data2/data/raw/ten_new/IMG_1667843462289.jpg
SRC_000223,PN_10_0016,10,kaggle_or_raw,data2/data/raw/ten_new/IMG_1667843470135.jpg
SRC_000224,PN_10_0016,10,kaggle_or_raw,data2/data/raw/ten_new/IMG_1667843484294.jpg
SRC_000225,PN_10_0016,10,kaggle_or_raw,data2/data/raw/ten_new/IMG_1667843499099.jpg
SRC_000226,PN_10_0016,10,kaggle_or_raw,data2/data/raw/ten_new/IMG_1667843505414.jpg
SRC_000227,PN_10_0016,10,kaggle_or_raw,data2/data/raw/ten_new/IMG_1667843509925.jpg
SRC_000228,PN_10_0016,10,kaggle_or_raw,data2/data/raw/ten_new/IMG_1667843513898.jpg
SRC_000229,PN_10_0016,10,kaggle_or_raw,data2/data/raw/ten_new/IMG_1667843518829.jpg
SRC_000230,PN_10_0016,10,kaggle_or_raw,data2/data/raw/ten_new/IMG_1667843560549.jpg
SRC_000231,PN_10_0016,10,kaggle_or_raw,data2/data/raw/ten_new/IMG_1667843564826.jpg
SRC_000232,PN_10_0016,10,kaggle_or_raw,data2/data/raw/ten_new/IMG_1667843570125.jpg
SRC_000233,PN_10_0016,10,kaggle_or_raw,data2/data/raw/ten_new/IMG_1667843573614.jpg
SRC_000234,PN_10_0016,10,kaggle_or_raw,data2/data/raw/ten_new/IMG_1667843576970.jpg
SRC_000235,PN_10_0016,10,kaggle_or_raw,data2/data/raw/ten_new/IMG_1667843580464.jpg
SRC_000236,PN_10_0016,10,kaggle_or_raw,data2/data/raw/ten_new/IMG_1667843585720.jpg
SRC_000237,PN_10_0016,10,kaggle_or_raw,data2/data/raw/ten_new/IMG_1667843589301.jpg
SRC_000238,PN_10_0016,10,kaggle_or_raw,data2/data/raw/ten_new/IMG_1667843612220.jpg
SRC_000239,PN_10_0016,10,kaggle_or_raw,data2/data/raw/ten_new/IMG_1667843615464.jpg
SRC_000240,PN_10_0016,10,kaggle_or_raw,data2/data/raw/ten_new/IMG_1667843619845.jpg
SRC_000241,PN_10_0016,10,kaggle_or_raw,data2/data/raw/ten_new/IMG_1667843623527.jpg
SRC_000242,PN_10_0016,10,kaggle_or_raw,data2/data/raw/ten_new/IMG_1667843628087.jpg
SRC_000243,PN_10_0016,10,kaggle_or_raw,data2/data/raw/ten_new/IMG_1667843631869.jpg
SRC_000244,PN_10_0016,10,kaggle_or_raw,data2/data/raw/ten_new/IMG_1667843635447.jpg
SRC_000245,PN_10_0016,10,kaggle_or_raw,data2/data/raw/ten_new/IMG_1667843638548.jpg
SRC_000246,PN_10_0016,10,kaggle_or_raw,data2/data/raw/ten_new/IMG_1667843643820.jpg
SRC_000247,PN_10_0016,10,kaggle_or_raw,data2/data/raw/ten_new/IMG_1667843648374.jpg
SRC_000248,PN_10_0016,10,kaggle_or_raw,data2/data/raw/ten_new/IMG_1667843652830.jpg
SRC_000249,PN_10_0016,10,kaggle_or_raw,data2/data/raw/ten_new/IMG_1667843657497.jpg
SRC_000250,PN_10_0016,10,kaggle_or_raw,data2/data/raw/ten_new/IMG_1667843664629.jpg
SRC_000251,PN_10_0016,10,kaggle_or_raw,data2/data/raw/ten_new/IMG_1667843668414.jpg
SRC_000252,PN_10_0016,10,kaggle_or_raw,data2/data/raw/ten_new/IMG_1667843711887.jpg
SRC_000253,PN_10_0016,10,kaggle_or_raw,data2/data/raw/ten_new/IMG_1667843715868.jpg
SRC_000254,PN_10_0016,10,kaggle_or_raw,data2/data/raw/ten_new/IMG_1667843721032.jpg
SRC_000255,PN_10_0016,10,kaggle_or_raw,data2/data/raw/ten_new/IMG_1667843731151.jpg
SRC_000256,PN_10_0016,10,kaggle_or_raw,data2/data/raw/ten_new/IMG_1667843735942.jpg
SRC_000257,PN_10_0016,10,kaggle_or_raw,data2/data/raw/ten_new/IMG_1667843743340.jpg
SRC_000258,PN_10_0016,10,kaggle_or_raw,data2/data/raw/ten_new/IMG_1667843750608.jpg
SRC_000259,PN_10_0016,10,kaggle_or_raw,data2/data/raw/ten_new/IMG_1667843758130.jpg
SRC_000260,PN_10_0016,10,kaggle_or_raw,data2/data/raw/ten_new/IMG_1667843767651.jpg
SRC_000261,PN_10_0016,10,kaggle_or_raw,data2/data/raw/ten_new/IMG_1667843781629.jpg
SRC_000262,PN_10_0019,10,kaggle_or_raw,data2/data/raw/ten_new/IMG_1667891548800.jpg
SRC_000263,PN_10_0019,10,kaggle_or_raw,data2/data/raw/ten_new/IMG_1667891553721.jpg
SRC_000264,PN_10_0019,10,kaggle_or_raw,data2/data/raw/ten_new/IMG_1667891565397.jpg
SRC_000265,PN_10_0019,10,kaggle_or_raw,data2/data/raw/ten_new/IMG_1667891577813.jpg
SRC_000266,PN_10_0019,10,kaggle_or_raw,data2/data/raw/ten_new/IMG_1667891602188.jpg
SRC_000267,PN_10_0019,10,kaggle_or_raw,data2/data/raw/ten_new/IMG_1667891613741.jpg
SRC_000268,PN_10_0019,10,kaggle_or_raw,data2/data/raw/ten_new/IMG_1667891632128.jpg
SRC_000269,PN_10_0019,10,kaggle_or_raw,data2/data/raw/ten_new/IMG_1667891638378.jpg
SRC_000270,PN_10_0019,10,kaggle_or_raw,data2/data/raw/ten_new/IMG_1667891655603.jpg
SRC_000271,PN_10_0019,10,kaggle_or_raw,data2/data/raw/ten_new/IMG_1667891660010.jpg
SRC_000272,PN_10_0019,10,kaggle_or_raw,data2/data/raw/ten_new/IMG_1667891687722.jpg
SRC_000273,PN_10_0019,10,kaggle_or_raw,data2/data/raw/ten_new/IMG_1667891699262.jpg
SRC_000274,PN_10_0019,10,kaggle_or_raw,data2/data/raw/ten_new/IMG_1667891746420.jpg
SRC_000275,PN_10_0019,10,kaggle_or_raw,data2/data/raw/ten_new/IMG_1667891750612.jpg
SRC_000276,PN_10_0019,10,kaggle_or_raw,data2/data/raw/ten_new/IMG_1667891754510.jpg
SRC_000277,PN_10_0019,10,kaggle_or_raw,data2/data/raw/ten_new/IMG_1667891758345.jpg
SRC_000278,PN_10_0019,10,kaggle_or_raw,data2/data/raw/ten_new/IMG_1667891761714.jpg
SRC_000279,PN_10_0019,10,kaggle_or_raw,data2/data/raw/ten_new/IMG_1667891765506.jpg
SRC_000280,PN_10_0019,10,kaggle_or_raw,data2/data/raw/ten_new/IMG_1667891771660.jpg
SRC_000281,PN_10_0019,10,kaggle_or_raw,data2/data/raw/ten_new/IMG_1667891775367.jpg
SRC_000282,PN_10_0019,10,kaggle_or_raw,data2/data/raw/ten_new/IMG_1667891779140.jpg
SRC_000283,PN_10_0019,10,kaggle_or_raw,data2/data/raw/ten_new/IMG_1667891783059.jpg
SRC_000284,PN_10_0019,10,kaggle_or_raw,data2/data/raw/ten_new/IMG_1667891807550.jpg
SRC_000285,PN_10_0019,10,kaggle_or_raw,data2/data/raw/ten_new/IMG_1667891811083.jpg
SRC_000286,PN_10_0019,10,kaggle_or_raw,data2/data/raw/ten_new/IMG_1667891814546.jpg
SRC_000287,PN_10_0019,10,kaggle_or_raw,data2/data/raw/ten_new/IMG_1667891818363.jpg
SRC_000288,PN_10_0019,10,kaggle_or_raw,data2/data/raw/ten_new/IMG_1667891822379.jpg
SRC_000289,PN_10_0019,10,kaggle_or_raw,data2/data/raw/ten_new/IMG_1667891825867.jpg
SRC_000290,PN_10_0019,10,kaggle_or_raw,data2/data/raw/ten_new/IMG_1667891829156.jpg
SRC_000291,PN_10_0019,10,kaggle_or_raw,data2/data/raw/ten_new/IMG_1667891834412.jpg
SRC_000292,PN_10_0019,10,kaggle_or_raw,data2/data/raw/ten_new/IMG_1667891838557.jpg
SRC_000293,PN_10_0019,10,kaggle_or_raw,data2/data/raw/ten_new/IMG_1667891842475.jpg
SRC_000294,PN_10_0019,10,kaggle_or_raw,data2/data/raw/ten_new/IMG_1667891851930.jpg
SRC_000295,PN_10_0019,10,kaggle_or_raw,data2/data/raw/ten_new/IMG_1667891855574.jpg
SRC_000296,PN_10_0019,10,kaggle_or_raw,data2/data/raw/ten_new/IMG_1667891887023.jpg
SRC_000297,PN_10_0019,10,kaggle_or_raw,data2/data/raw/ten_new/IMG_1667891891577.jpg
SRC_000298,PN_10_0019,10,kaggle_or_raw,data2/data/raw/ten_new/IMG_1667891897850.jpg
SRC_000299,PN_10_0019,10,kaggle_or_raw,data2/data/raw/ten_new/IMG_1667891902735.jpg
SRC_000300,PN_10_0019,10,kaggle_or_raw,data2/data/raw/ten_new/IMG_1667891915679.jpg
SRC_000301,PN_10_0019,10,kaggle_or_raw,data2/data/raw/ten_new/IMG_1667891919214.jpg
SRC_000302,PN_10_0019,10,kaggle_or_raw,data2/data/raw/ten_new/IMG_1667891931531.jpg
SRC_000303,PN_10_0019,10,kaggle_or_raw,data2/data/raw/ten_new/IMG_1667891940667.jpg
SRC_000304,PN_10_0019,10,kaggle_or_raw,data2/data/raw/ten_new/IMG_1667891944011.jpg
SRC_000305,PN_10_0019,10,kaggle_or_raw,data2/data/raw/ten_new/IMG_1667891947445.jpg
SRC_000306,PN_10_0019,10,kaggle_or_raw,data2/data/raw/ten_new/IMG_1667891951189.jpg
SRC_000307,PN_10_0019,10,kaggle_or_raw,data2/data/raw/ten_new/IMG_1667891956091.jpg
SRC_000308,PN_10_0019,10,kaggle_or_raw,data2/data/raw/ten_new/IMG_1667891960273.jpg
SRC_000309,PN_10_0019,10,kaggle_or_raw,data2/data/raw/ten_new/IMG_1667891965842.jpg
SRC_000310,PN_10_0019,10,kaggle_or_raw,data2/data/raw/ten_new/IMG_1667891969759.jpg
SRC_000311,PN_10_0019,10,kaggle_or_raw,data2/data/raw/ten_new/IMG_1667891981801.jpg
SRC_000312,PN_10_0019,10,kaggle_or_raw,data2/data/raw/ten_new/IMG_1667891987324.jpg
SRC_000313,PN_10_0019,10,kaggle_or_raw,data2/data/raw/ten_new/IMG_1667891991840.jpg
SRC_000314,PN_10_0019,10,kaggle_or_raw,data2/data/raw/ten_new/IMG_1667891998614.jpg
SRC_000315,PN_10_0019,10,kaggle_or_raw,data2/data/raw/ten_new/IMG_1667892002166.jpg
SRC_000316,PN_10_0019,10,kaggle_or_raw,data2/data/raw/ten_new/IMG_1667892008761.jpg
SRC_000317,PN_10_0019,10,kaggle_or_raw,data2/data/raw/ten_new/IMG_1667892026963.jpg
SRC_000318,PN_10_0019,10,kaggle_or_raw,data2/data/raw/ten_new/IMG_1667892032963.jpg
SRC_000319,PN_10_0019,10,kaggle_or_raw,data2/data/raw/ten_new/IMG_1667892038020.jpg
SRC_000320,PN_10_0019,10,kaggle_or_raw,data2/data/raw/ten_new/IMG_1667892042768.jpg
SRC_000321,PN_10_0019,10,kaggle_or_raw,data2/data/raw/ten_new/IMG_1667892074901.jpg
SRC_000322,PN_10_0019,10,kaggle_or_raw,data2/data/raw/ten_new/IMG_1667892097385.jpg
SRC_000323,PN_10_0019,10,kaggle_or_raw,data2/data/raw/ten_new/IMG_1667892104576.jpg
SRC_000324,PN_10_0019,10,kaggle_or_raw,data2/data/raw/ten_new/IMG_1667892110638.jpg
SRC_000325,PN_10_0019,10,kaggle_or_raw,data2/data/raw/ten_new/IMG_1667892114850.jpg
SRC_000326,PN_10_0019,10,kaggle_or_raw,data2/data/raw/ten_new/IMG_1667892118899.jpg
SRC_000327,PN_10_0019,10,kaggle_or_raw,data2/data/raw/ten_new/IMG_1667892127676.jpg
SRC_000328,PN_10_0019,10,kaggle_or_raw,data2/data/raw/ten_new/IMG_1667892139677.jpg
SRC_000329,PN_10_0019,10,kaggle_or_raw,data2/data/raw/ten_new/IMG_1667892143800.jpg
SRC_000330,PN_10_0019,10,kaggle_or_raw,data2/data/raw/ten_new/IMG_1667892147292.jpg
SRC_000331,PN_10_0019,10,kaggle_or_raw,data2/data/raw/ten_new/IMG_1667892153990.jpg
SRC_000332,PN_10_0019,10,kaggle_or_raw,data2/data/raw/ten_new/IMG_1667892185583.jpg
SRC_000333,PN_10_0019,10,kaggle_or_raw,data2/data/raw/ten_new/IMG_1667892203745.jpg
SRC_000334,PN_10_0019,10,kaggle_or_raw,data2/data/raw/ten_new/IMG_1667892208590.jpg
SRC_000335,PN_10_0019,10,kaggle_or_raw,data2/data/raw/ten_new/IMG_1667892215871.jpg
SRC_000336,PN_10_0019,10,kaggle_or_raw,data2/data/raw/ten_new/IMG_1667892223590.jpg
SRC_000337,PN_10_0019,10,kaggle_or_raw,data2/data/raw/ten_new/IMG_1667892228384.jpg
SRC_000338,PN_10_0019,10,kaggle_or_raw,data2/data/raw/ten_new/IMG_1667892239905.jpg
SRC_000339,PN_10_0019,10,kaggle_or_raw,data2/data/raw/ten_new/IMG_1667892245026.jpg
SRC_000340,PN_10_0019,10,kaggle_or_raw,data2/data/raw/ten_new/IMG_1667892250678.jpg
SRC_000341,PN_10_0019,10,kaggle_or_raw,data2/data/raw/ten_new/IMG_1667892255511.jpg
SRC_000342,PN_10_0019,10,kaggle_or_raw,data2/data/raw/ten_new/IMG_1667892262228.jpg
SRC_000343,PN_10_0019,10,kaggle_or_raw,data2/data/raw/ten_new/IMG_1667892266841.jpg
SRC_000344,PN_10_0019,10,kaggle_or_raw,data2/data/raw/ten_new/IMG_1667892270706.jpg
SRC_000345,PN_10_0019,10,kaggle_or_raw,data2/data/raw/ten_new/IMG_1667892274674.jpg
SRC_000346,PN_10_0001,10,kaggle_or_raw,data2/data/raw/ten_old/IMG_1666261781178.jpg
SRC_000347,PN_10_0001,10,kaggle_or_raw,data2/data/raw/ten_old/IMG_1666261789967.jpg
SRC_000348,PN_10_0001,10,kaggle_or_raw,data2/data/raw/ten_old/IMG_1666261808877.jpg
SRC_000349,PN_10_0002,10,kaggle_or_raw,data2/data/raw/ten_old/IMG_1666263647237.jpg
SRC_000350,PN_10_0002,10,kaggle_or_raw,data2/data/raw/ten_old/IMG_1666263652901.jpg
SRC_000351,PN_10_0003,10,kaggle_or_raw,data2/data/raw/ten_old/IMG_1666263714516.jpg
SRC_000352,PN_10_0003,10,kaggle_or_raw,data2/data/raw/ten_old/IMG_1666263737772.jpg
SRC_000353,PN_10_0003,10,kaggle_or_raw,data2/data/raw/ten_old/IMG_1666263785943.jpg
SRC_000354,PN_10_0003,10,kaggle_or_raw,data2/data/raw/ten_old/IMG_1666263795628.jpg
SRC_000355,PN_10_0004,10,kaggle_or_raw,data2/data/raw/ten_old/IMG_1666263873490.jpg
SRC_000356,PN_10_0004,10,kaggle_or_raw,data2/data/raw/ten_old/IMG_1666263883795.jpg
SRC_000357,PN_10_0004,10,kaggle_or_raw,data2/data/raw/ten_old/IMG_1666263921352.jpg
SRC_000358,PN_10_0004,10,kaggle_or_raw,data2/data/raw/ten_old/IMG_1666263927972.jpg
SRC_000359,PN_10_0005,10,kaggle_or_raw,data2/data/raw/ten_old/IMG_1666263993495.jpg
SRC_000360,PN_10_0005,10,kaggle_or_raw,data2/data/raw/ten_old/IMG_1666264045671.jpg
SRC_000361,PN_10_0005,10,kaggle_or_raw,data2/data/raw/ten_old/IMG_1666264075109.jpg
SRC_000362,PN_10_0005,10,kaggle_or_raw,data2/data/raw/ten_old/IMG_1666264115273.jpg
SRC_000363,PN_10_0005,10,kaggle_or_raw,data2/data/raw/ten_old/IMG_1666264140947.jpg
SRC_000364,PN_10_0005,10,kaggle_or_raw,data2/data/raw/ten_old/IMG_1666264175124.jpg
SRC_000365,PN_10_0005,10,kaggle_or_raw,data2/data/raw/ten_old/IMG_1666264199047.jpg
SRC_000366,PN_10_0005,10,kaggle_or_raw,data2/data/raw/ten_old/IMG_1666264210057.jpg
SRC_000367,PN_10_0005,10,kaggle_or_raw,data2/data/raw/ten_old/IMG_1666264260260.jpg
SRC_000368,PN_10_0005,10,kaggle_or_raw,data2/data/raw/ten_old/IMG_1666264264805.jpg
SRC_000369,PN_10_0005,10,kaggle_or_raw,data2/data/raw/ten_old/IMG_1666264311942.jpg
SRC_000370,PN_10_0005,10,kaggle_or_raw,data2/data/raw/ten_old/IMG_1666264320557.jpg
SRC_000371,PN_10_0005,10,kaggle_or_raw,data2/data/raw/ten_old/IMG_1666264355120.jpg
SRC_000372,PN_10_0005,10,kaggle_or_raw,data2/data/raw/ten_old/IMG_1666264366136.jpg
SRC_000373,PN_10_0005,10,kaggle_or_raw,data2/data/raw/ten_old/IMG_1666264383608.jpg
SRC_000374,PN_10_0006,10,kaggle_or_raw,data2/data/raw/ten_old/IMG_1666264529120.jpg
SRC_000375,PN_10_0007,10,kaggle_or_raw,data2/data/raw/ten_old/IMG_1666264643266.jpg
SRC_000376,PN_10_0007,10,kaggle_or_raw,data2/data/raw/ten_old/IMG_1666264676321.jpg
SRC_000377,PN_10_0007,10,kaggle_or_raw,data2/data/raw/ten_old/IMG_1666264716463.jpg
SRC_000378,PN_10_0008,10,kaggle_or_raw,data2/data/raw/ten_old/IMG_1667831455069.jpg
SRC_000379,PN_10_0008,10,kaggle_or_raw,data2/data/raw/ten_old/IMG_1667831459607.jpg
SRC_000380,PN_10_0008,10,kaggle_or_raw,data2/data/raw/ten_old/IMG_1667831465304.jpg
SRC_000381,PN_10_0008,10,kaggle_or_raw,data2/data/raw/ten_old/IMG_1667831476980.jpg
SRC_000382,PN_10_0008,10,kaggle_or_raw,data2/data/raw/ten_old/IMG_1667831483208.jpg
SRC_000383,PN_10_0008,10,kaggle_or_raw,data2/data/raw/ten_old/IMG_1667831488342.jpg
SRC_000384,PN_10_0008,10,kaggle_or_raw,data2/data/raw/ten_old/IMG_1667831492999.jpg
SRC_000385,PN_10_0008,10,kaggle_or_raw,data2/data/raw/ten_old/IMG_1667831496684.jpg
SRC_000386,PN_10_0008,10,kaggle_or_raw,data2/data/raw/ten_old/IMG_1667831502479.jpg
SRC_000387,PN_10_0008,10,kaggle_or_raw,data2/data/raw/ten_old/IMG_1667831506823.jpg
SRC_000388,PN_10_0008,10,kaggle_or_raw,data2/data/raw/ten_old/IMG_1667831511573.jpg
SRC_000389,PN_10_0008,10,kaggle_or_raw,data2/data/raw/ten_old/IMG_1667831517936.jpg
SRC_000390,PN_10_0008,10,kaggle_or_raw,data2/data/raw/ten_old/IMG_1667831523291.jpg
SRC_000391,PN_10_0008,10,kaggle_or_raw,data2/data/raw/ten_old/IMG_1667831528437.jpg
SRC_000392,PN_10_0008,10,kaggle_or_raw,data2/data/raw/ten_old/IMG_1667831533100.jpg
SRC_000393,PN_10_0008,10,kaggle_or_raw,data2/data/raw/ten_old/IMG_1667831536925.jpg
SRC_000394,PN_10_0008,10,kaggle_or_raw,data2/data/raw/ten_old/IMG_1667831541900.jpg
SRC_000395,PN_10_0008,10,kaggle_or_raw,data2/data/raw/ten_old/IMG_1667831546376.jpg
SRC_000396,PN_10_0008,10,kaggle_or_raw,data2/data/raw/ten_old/IMG_1667831551474.jpg
SRC_000397,PN_10_0008,10,kaggle_or_raw,data2/data/raw/ten_old/IMG_1667831557657.jpg
SRC_000398,PN_10_0008,10,kaggle_or_raw,data2/data/raw/ten_old/IMG_1667831584341.jpg
SRC_000399,PN_10_0008,10,kaggle_or_raw,data2/data/raw/ten_old/IMG_1667831588602.jpg
SRC_000400,PN_10_0008,10,kaggle_or_raw,data2/data/raw/ten_old/IMG_1667831592332.jpg
SRC_000401,PN_10_0008,10,kaggle_or_raw,data2/data/raw/ten_old/IMG_1667831596514.jpg
SRC_000402,PN_10_0008,10,kaggle_or_raw,data2/data/raw/ten_old/IMG_1667831601356.jpg
SRC_000403,PN_10_0008,10,kaggle_or_raw,data2/data/raw/ten_old/IMG_1667831607665.jpg
SRC_000404,PN_10_0008,10,kaggle_or_raw,data2/data/raw/ten_old/IMG_1667831613373.jpg
SRC_000405,PN_10_0008,10,kaggle_or_raw,data2/data/raw/ten_old/IMG_1667831620223.jpg
SRC_000406,PN_10_0008,10,kaggle_or_raw,data2/data/raw/ten_old/IMG_1667831628920.jpg
SRC_000407,PN_10_0008,10,kaggle_or_raw,data2/data/raw/ten_old/IMG_1667831632932.jpg
SRC_000408,PN_10_0008,10,kaggle_or_raw,data2/data/raw/ten_old/IMG_1667831637763.jpg
SRC_000409,PN_10_0008,10,kaggle_or_raw,data2/data/raw/ten_old/IMG_1667831642736.jpg
SRC_000410,PN_10_0008,10,kaggle_or_raw,data2/data/raw/ten_old/IMG_1667831659102.jpg
SRC_000411,PN_10_0008,10,kaggle_or_raw,data2/data/raw/ten_old/IMG_1667831664334.jpg
SRC_000412,PN_10_0008,10,kaggle_or_raw,data2/data/raw/ten_old/IMG_1667831669675.jpg
SRC_000413,PN_10_0008,10,kaggle_or_raw,data2/data/raw/ten_old/IMG_1667831675972.jpg
SRC_000414,PN_10_0010,10,kaggle_or_raw,data2/data/raw/ten_old/IMG_1667832588599.jpg
SRC_000415,PN_10_0010,10,kaggle_or_raw,data2/data/raw/ten_old/IMG_1667832595813.jpg
SRC_000416,PN_10_0010,10,kaggle_or_raw,data2/data/raw/ten_old/IMG_1667832603679.jpg
SRC_000417,PN_10_0010,10,kaggle_or_raw,data2/data/raw/ten_old/IMG_1667832612024.jpg
SRC_000418,PN_10_0010,10,kaggle_or_raw,data2/data/raw/ten_old/IMG_1667832637355.jpg
SRC_000419,PN_10_0010,10,kaggle_or_raw,data2/data/raw/ten_old/IMG_1667832641821.jpg
SRC_000420,PN_10_0010,10,kaggle_or_raw,data2/data/raw/ten_old/IMG_1667832648945.jpg
SRC_000421,PN_10_0010,10,kaggle_or_raw,data2/data/raw/ten_old/IMG_1667832655103.jpg
SRC_000422,PN_10_0010,10,kaggle_or_raw,data2/data/raw/ten_old/IMG_1667832662991.jpg
SRC_000423,PN_10_0010,10,kaggle_or_raw,data2/data/raw/ten_old/IMG_1667832668199.jpg
SRC_000424,PN_10_0010,10,kaggle_or_raw,data2/data/raw/ten_old/IMG_1667832672628.jpg
SRC_000425,PN_10_0010,10,kaggle_or_raw,data2/data/raw/ten_old/IMG_1667832677262.jpg
SRC_000426,PN_10_0010,10,kaggle_or_raw,data2/data/raw/ten_old/IMG_1667832681657.jpg
SRC_000427,PN_10_0010,10,kaggle_or_raw,data2/data/raw/ten_old/IMG_1667832685853.jpg
SRC_000428,PN_10_0010,10,kaggle_or_raw,data2/data/raw/ten_old/IMG_1667832691059.jpg
SRC_000429,PN_10_0010,10,kaggle_or_raw,data2/data/raw/ten_old/IMG_1667832696280.jpg
SRC_000430,PN_10_0010,10,kaggle_or_raw,data2/data/raw/ten_old/IMG_1667832711879.jpg
SRC_000431,PN_10_0010,10,kaggle_or_raw,data2/data/raw/ten_old/IMG_1667832718828.jpg
SRC_000432,PN_10_0010,10,kaggle_or_raw,data2/data/raw/ten_old/IMG_1667832727323.jpg
SRC_000433,PN_10_0010,10,kaggle_or_raw,data2/data/raw/ten_old/IMG_1667832732528.jpg
SRC_000434,PN_10_0010,10,kaggle_or_raw,data2/data/raw/ten_old/IMG_1667832739708.jpg
SRC_000435,PN_10_0010,10,kaggle_or_raw,data2/data/raw/ten_old/IMG_1667832744664.jpg
SRC_000436,PN_10_0010,10,kaggle_or_raw,data2/data/raw/ten_old/IMG_1667832752166.jpg
SRC_000437,PN_10_0010,10,kaggle_or_raw,data2/data/raw/ten_old/IMG_1667832758198.jpg
SRC_000438,PN_10_0010,10,kaggle_or_raw,data2/data/raw/ten_old/IMG_1667832765677.jpg
SRC_000439,PN_10_0010,10,kaggle_or_raw,data2/data/raw/ten_old/IMG_1667832770552.jpg
SRC_000440,PN_10_0010,10,kaggle_or_raw,data2/data/raw/ten_old/IMG_1667832777339.jpg
SRC_000441,PN_10_0010,10,kaggle_or_raw,data2/data/raw/ten_old/IMG_1667832782706.jpg
SRC_000442,PN_10_0010,10,kaggle_or_raw,data2/data/raw/ten_old/IMG_1667832814554.jpg
SRC_000443,PN_10_0010,10,kaggle_or_raw,data2/data/raw/ten_old/IMG_1667832820405.jpg
SRC_000444,PN_10_0010,10,kaggle_or_raw,data2/data/raw/ten_old/IMG_1667832844956.jpg
SRC_000445,PN_10_0010,10,kaggle_or_raw,data2/data/raw/ten_old/IMG_1667832854547.jpg
SRC_000446,PN_10_0010,10,kaggle_or_raw,data2/data/raw/ten_old/IMG_1667832901150.jpg
SRC_000447,PN_10_0010,10,kaggle_or_raw,data2/data/raw/ten_old/IMG_1667832907361.jpg
SRC_000448,PN_10_0010,10,kaggle_or_raw,data2/data/raw/ten_old/IMG_1667832914480.jpg
SRC_000449,PN_10_0010,10,kaggle_or_raw,data2/data/raw/ten_old/IMG_1667832921609.jpg
SRC_000450,PN_10_0010,10,kaggle_or_raw,data2/data/raw/ten_old/IMG_1667832939042.jpg
SRC_000451,PN_10_0010,10,kaggle_or_raw,data2/data/raw/ten_old/IMG_1667832946552.jpg
SRC_000452,PN_10_0010,10,kaggle_or_raw,data2/data/raw/ten_old/IMG_1667832961217.jpg
SRC_000453,PN_10_0010,10,kaggle_or_raw,data2/data/raw/ten_old/IMG_1667832971640.jpg
SRC_000454,PN_10_0010,10,kaggle_or_raw,data2/data/raw/ten_old/IMG_1667832981133.jpg
SRC_000455,PN_10_0010,10,kaggle_or_raw,data2/data/raw/ten_old/IMG_1667832988137.jpg
SRC_000456,PN_10_0010,10,kaggle_or_raw,data2/data/raw/ten_old/IMG_1667832996473.jpg
SRC_000457,PN_10_0010,10,kaggle_or_raw,data2/data/raw/ten_old/IMG_1667833001441.jpg
SRC_000458,PN_10_0010,10,kaggle_or_raw,data2/data/raw/ten_old/IMG_1667833005922.jpg
SRC_000459,PN_10_0010,10,kaggle_or_raw,data2/data/raw/ten_old/IMG_1667833010650.jpg
SRC_000460,PN_10_0010,10,kaggle_or_raw,data2/data/raw/ten_old/IMG_1667833021054.jpg
SRC_000461,PN_10_0010,10,kaggle_or_raw,data2/data/raw/ten_old/IMG_1667833029101.jpg
SRC_000462,PN_10_0010,10,kaggle_or_raw,data2/data/raw/ten_old/IMG_1667833043224.jpg
SRC_000463,PN_10_0010,10,kaggle_or_raw,data2/data/raw/ten_old/IMG_1667833047947.jpg
SRC_000464,PN_10_0010,10,kaggle_or_raw,data2/data/raw/ten_old/IMG_1667833055622.jpg
SRC_000465,PN_10_0010,10,kaggle_or_raw,data2/data/raw/ten_old/IMG_1667833063277.jpg
SRC_000466,PN_10_0010,10,kaggle_or_raw,data2/data/raw/ten_old/IMG_1667833085592.jpg
SRC_000467,PN_10_0010,10,kaggle_or_raw,data2/data/raw/ten_old/IMG_1667833095929.jpg
SRC_000468,PN_10_0010,10,kaggle_or_raw,data2/data/raw/ten_old/IMG_1667833117705.jpg
SRC_000469,PN_10_0010,10,kaggle_or_raw,data2/data/raw/ten_old/IMG_1667833140727.jpg
SRC_000470,PN_10_0010,10,kaggle_or_raw,data2/data/raw/ten_old/IMG_1667833157820.jpg
SRC_000471,PN_10_0010,10,kaggle_or_raw,data2/data/raw/ten_old/IMG_1667833163957.jpg
SRC_000472,PN_10_0010,10,kaggle_or_raw,data2/data/raw/ten_old/IMG_1667833171210.jpg
SRC_000473,PN_10_0010,10,kaggle_or_raw,data2/data/raw/ten_old/IMG_1667833181017.jpg
SRC_000474,PN_10_0016,10,kaggle_or_raw,data2/data/raw/ten_old/IMG_1667843116031.jpg
SRC_000475,PN_10_0016,10,kaggle_or_raw,data2/data/raw/ten_old/IMG_1667843119384.jpg
SRC_000476,PN_10_0016,10,kaggle_or_raw,data2/data/raw/ten_old/IMG_1667843127926.jpg
SRC_000477,PN_10_0016,10,kaggle_or_raw,data2/data/raw/ten_old/IMG_1667843140069.jpg
SRC_000478,PN_10_0016,10,kaggle_or_raw,data2/data/raw/ten_old/IMG_1667843146645.jpg
SRC_000479,PN_10_0016,10,kaggle_or_raw,data2/data/raw/ten_old/IMG_1667843150715.jpg
SRC_000480,PN_10_0016,10,kaggle_or_raw,data2/data/raw/ten_old/IMG_1667843170464.jpg
SRC_000481,PN_10_0016,10,kaggle_or_raw,data2/data/raw/ten_old/IMG_1667843173728.jpg
SRC_000482,PN_10_0016,10,kaggle_or_raw,data2/data/raw/ten_old/IMG_1667843177180.jpg
SRC_000483,PN_10_0016,10,kaggle_or_raw,data2/data/raw/ten_old/IMG_1667843180412.jpg
SRC_000484,PN_10_0016,10,kaggle_or_raw,data2/data/raw/ten_old/IMG_1667843184835.jpg
SRC_000485,PN_10_0016,10,kaggle_or_raw,data2/data/raw/ten_old/IMG_1667843188485.jpg
SRC_000486,PN_10_0016,10,kaggle_or_raw,data2/data/raw/ten_old/IMG_1667843194290.jpg
SRC_000487,PN_10_0016,10,kaggle_or_raw,data2/data/raw/ten_old/IMG_1667843200136.jpg
SRC_000488,PN_10_0016,10,kaggle_or_raw,data2/data/raw/ten_old/IMG_1667843214554.jpg
SRC_000489,PN_10_0016,10,kaggle_or_raw,data2/data/raw/ten_old/IMG_1667843222096.jpg
SRC_000490,PN_10_0016,10,kaggle_or_raw,data2/data/raw/ten_old/IMG_1667843238188.jpg
SRC_000491,PN_10_0016,10,kaggle_or_raw,data2/data/raw/ten_old/IMG_1667843241479.jpg
SRC_000492,PN_10_0016,10,kaggle_or_raw,data2/data/raw/ten_old/IMG_1667843246526.jpg
SRC_000493,PN_10_0016,10,kaggle_or_raw,data2/data/raw/ten_old/IMG_1667843250754.jpg
SRC_000494,PN_10_0016,10,kaggle_or_raw,data2/data/raw/ten_old/IMG_1667843253832.jpg
SRC_000495,PN_10_0016,10,kaggle_or_raw,data2/data/raw/ten_old/IMG_1667843257338.jpg
SRC_000496,PN_10_0016,10,kaggle_or_raw,data2/data/raw/ten_old/IMG_1667843260159.jpg
SRC_000497,PN_10_0016,10,kaggle_or_raw,data2/data/raw/ten_old/IMG_1667843263919.jpg
SRC_000498,PN_10_0017,10,kaggle_or_raw,data2/data/raw/ten_old/IMG_1667890140904.jpg
SRC_000499,PN_10_0017,10,kaggle_or_raw,data2/data/raw/ten_old/IMG_1667890144444.jpg
SRC_000500,PN_10_0017,10,kaggle_or_raw,data2/data/raw/ten_old/IMG_1667890151085.jpg
SRC_000501,PN_10_0017,10,kaggle_or_raw,data2/data/raw/ten_old/IMG_1667890160583.jpg
SRC_000502,PN_10_0017,10,kaggle_or_raw,data2/data/raw/ten_old/IMG_1667890166532.jpg
SRC_000503,PN_10_0017,10,kaggle_or_raw,data2/data/raw/ten_old/IMG_1667890171028.jpg
SRC_000504,PN_10_0017,10,kaggle_or_raw,data2/data/raw/ten_old/IMG_1667890175609.jpg
SRC_000505,PN_10_0017,10,kaggle_or_raw,data2/data/raw/ten_old/IMG_1667890182200.jpg
SRC_000506,PN_10_0017,10,kaggle_or_raw,data2/data/raw/ten_old/IMG_1667890190637.jpg
SRC_000507,PN_10_0017,10,kaggle_or_raw,data2/data/raw/ten_old/IMG_1667890194915.jpg
SRC_000508,PN_10_0017,10,kaggle_or_raw,data2/data/raw/ten_old/IMG_1667890200757.jpg
SRC_000509,PN_10_0017,10,kaggle_or_raw,data2/data/raw/ten_old/IMG_1667890206826.jpg
SRC_000510,PN_10_0017,10,kaggle_or_raw,data2/data/raw/ten_old/IMG_1667890220349.jpg
SRC_000511,PN_10_0017,10,kaggle_or_raw,data2/data/raw/ten_old/IMG_1667890224740.jpg
SRC_000512,PN_10_0017,10,kaggle_or_raw,data2/data/raw/ten_old/IMG_1667890232001.jpg
SRC_000513,PN_10_0017,10,kaggle_or_raw,data2/data/raw/ten_old/IMG_1667890238176.jpg
SRC_000514,PN_10_0017,10,kaggle_or_raw,data2/data/raw/ten_old/IMG_1667890244749.jpg
SRC_000515,PN_10_0017,10,kaggle_or_raw,data2/data/raw/ten_old/IMG_1667890248987.jpg
SRC_000516,PN_10_0017,10,kaggle_or_raw,data2/data/raw/ten_old/IMG_1667890255520.jpg
SRC_000517,PN_10_0017,10,kaggle_or_raw,data2/data/raw/ten_old/IMG_1667890260064.jpg
SRC_000518,PN_10_0017,10,kaggle_or_raw,data2/data/raw/ten_old/IMG_1667890268571.jpg
SRC_000519,PN_10_0017,10,kaggle_or_raw,data2/data/raw/ten_old/IMG_1667890273031.jpg
SRC_000520,PN_10_0017,10,kaggle_or_raw,data2/data/raw/ten_old/IMG_1667890276847.jpg
SRC_000521,PN_10_0017,10,kaggle_or_raw,data2/data/raw/ten_old/IMG_1667890280235.jpg
SRC_000522,PN_10_0017,10,kaggle_or_raw,data2/data/raw/ten_old/IMG_1667890286960.jpg
SRC_000523,PN_10_0017,10,kaggle_or_raw,data2/data/raw/ten_old/IMG_1667890290927.jpg
SRC_000524,PN_10_0017,10,kaggle_or_raw,data2/data/raw/ten_old/IMG_1667890300021.jpg
SRC_000525,PN_10_0017,10,kaggle_or_raw,data2/data/raw/ten_old/IMG_1667890314115.jpg
SRC_000526,PN_10_0017,10,kaggle_or_raw,data2/data/raw/ten_old/IMG_1667890322051.jpg
SRC_000527,PN_10_0017,10,kaggle_or_raw,data2/data/raw/ten_old/IMG_1667890326676.jpg
SRC_000528,PN_10_0017,10,kaggle_or_raw,data2/data/raw/ten_old/IMG_1667890331643.jpg
SRC_000529,PN_10_0017,10,kaggle_or_raw,data2/data/raw/ten_old/IMG_1667890335378.jpg
SRC_000530,PN_10_0017,10,kaggle_or_raw,data2/data/raw/ten_old/IMG_1667890348370.jpg
SRC_000531,PN_10_0017,10,kaggle_or_raw,data2/data/raw/ten_old/IMG_1667890353731.jpg
SRC_000532,PN_10_0017,10,kaggle_or_raw,data2/data/raw/ten_old/IMG_1667890368364.jpg
SRC_000533,PN_10_0017,10,kaggle_or_raw,data2/data/raw/ten_old/IMG_1667890372399.jpg
SRC_000534,PN_10_0017,10,kaggle_or_raw,data2/data/raw/ten_old/IMG_1667890376758.jpg
SRC_000535,PN_10_0017,10,kaggle_or_raw,data2/data/raw/ten_old/IMG_1667890381279.jpg
SRC_000536,PN_10_0017,10,kaggle_or_raw,data2/data/raw/ten_old/IMG_1667890387521.jpg
SRC_000537,PN_10_0017,10,kaggle_or_raw,data2/data/raw/ten_old/IMG_1667890393182.jpg
SRC_000538,PN_10_0017,10,kaggle_or_raw,data2/data/raw/ten_old/IMG_1667890406893.jpg
SRC_000539,PN_10_0017,10,kaggle_or_raw,data2/data/raw/ten_old/IMG_1667890411651.jpg
SRC_000540,PN_10_0017,10,kaggle_or_raw,data2/data/raw/ten_old/IMG_1667890415733.jpg
SRC_000541,PN_10_0017,10,kaggle_or_raw,data2/data/raw/ten_old/IMG_1667890419564.jpg
SRC_000542,PN_10_0017,10,kaggle_or_raw,data2/data/raw/ten_old/IMG_1667890433767.jpg
SRC_000543,PN_10_0017,10,kaggle_or_raw,data2/data/raw/ten_old/IMG_1667890439595.jpg
SRC_000544,PN_10_0017,10,kaggle_or_raw,data2/data/raw/ten_old/IMG_1667890444057.jpg
SRC_000545,PN_10_0017,10,kaggle_or_raw,data2/data/raw/ten_old/IMG_1667890449428.jpg
SRC_000546,PN_10_0017,10,kaggle_or_raw,data2/data/raw/ten_old/IMG_1667890459272.jpg
SRC_000547,PN_10_0017,10,kaggle_or_raw,data2/data/raw/ten_old/IMG_1667890463591.jpg
SRC_000548,PN_10_0017,10,kaggle_or_raw,data2/data/raw/ten_old/IMG_1667890472063.jpg
SRC_000549,PN_10_0017,10,kaggle_or_raw,data2/data/raw/ten_old/IMG_1667890478474.jpg
SRC_000550,PN_10_0017,10,kaggle_or_raw,data2/data/raw/ten_old/IMG_1667890484149.jpg
SRC_000551,PN_10_0017,10,kaggle_or_raw,data2/data/raw/ten_old/IMG_1667890489954.jpg
SRC_000552,PN_10_0017,10,kaggle_or_raw,data2/data/raw/ten_old/IMG_1667890518986.jpg
SRC_000553,PN_10_0017,10,kaggle_or_raw,data2/data/raw/ten_old/IMG_1667890524144.jpg
SRC_000554,PN_10_0017,10,kaggle_or_raw,data2/data/raw/ten_old/IMG_1667890527898.jpg
SRC_000555,PN_10_0017,10,kaggle_or_raw,data2/data/raw/ten_old/IMG_1667890533327.jpg
SRC_000556,PN_10_0017,10,kaggle_or_raw,data2/data/raw/ten_old/IMG_1667890537149.jpg
SRC_000557,PN_10_0017,10,kaggle_or_raw,data2/data/raw/ten_old/IMG_1667890540697.jpg
SRC_000558,PN_10_0017,10,kaggle_or_raw,data2/data/raw/ten_old/IMG_1667890544890.jpg
SRC_000559,PN_10_0017,10,kaggle_or_raw,data2/data/raw/ten_old/IMG_1667890549169.jpg
SRC_000560,PN_10_0017,10,kaggle_or_raw,data2/data/raw/ten_old/IMG_1667890554213.jpg
SRC_000561,PN_10_0017,10,kaggle_or_raw,data2/data/raw/ten_old/IMG_1667890558626.jpg
SRC_000562,PN_10_0017,10,kaggle_or_raw,data2/data/raw/ten_old/IMG_1667890575187.jpg
SRC_000563,PN_10_0017,10,kaggle_or_raw,data2/data/raw/ten_old/IMG_1667890579595.jpg
SRC_000564,PN_10_0017,10,kaggle_or_raw,data2/data/raw/ten_old/IMG_1667890583798.jpg
SRC_000565,PN_10_0017,10,kaggle_or_raw,data2/data/raw/ten_old/IMG_1667890587469.jpg
SRC_000566,PN_10_0017,10,kaggle_or_raw,data2/data/raw/ten_old/IMG_1667890591348.jpg
SRC_000567,PN_10_0017,10,kaggle_or_raw,data2/data/raw/ten_old/IMG_1667890595005.jpg
SRC_000568,PN_10_0017,10,kaggle_or_raw,data2/data/raw/ten_old/IMG_1667890599362.jpg
SRC_000569,PN_10_0017,10,kaggle_or_raw,data2/data/raw/ten_old/IMG_1667890606023.jpg
SRC_000570,PN_10_0017,10,kaggle_or_raw,data2/data/raw/ten_old/IMG_1667890613755.jpg
SRC_000571,PN_10_0017,10,kaggle_or_raw,data2/data/raw/ten_old/IMG_1667890618186.jpg
SRC_000572,PN_10_0018,10,kaggle_or_raw,data2/data/raw/ten_old/IMG_1667890805058.jpg
SRC_000573,PN_10_0018,10,kaggle_or_raw,data2/data/raw/ten_old/IMG_1667890808860.jpg
SRC_000574,PN_10_0018,10,kaggle_or_raw,data2/data/raw/ten_old/IMG_1667890814117.jpg
SRC_000575,PN_10_0018,10,kaggle_or_raw,data2/data/raw/ten_old/IMG_1667890818411.jpg
SRC_000576,PN_10_0018,10,kaggle_or_raw,data2/data/raw/ten_old/IMG_1667890822587.jpg
SRC_000577,PN_10_0018,10,kaggle_or_raw,data2/data/raw/ten_old/IMG_1667890827893.jpg
SRC_000578,PN_10_0018,10,kaggle_or_raw,data2/data/raw/ten_old/IMG_1667890831509.jpg
SRC_000579,PN_10_0018,10,kaggle_or_raw,data2/data/raw/ten_old/IMG_1667890836877.jpg
SRC_000580,PN_10_0018,10,kaggle_or_raw,data2/data/raw/ten_old/IMG_1667890843828.jpg
SRC_000581,PN_10_0018,10,kaggle_or_raw,data2/data/raw/ten_old/IMG_1667890847715.jpg
SRC_000582,PN_10_0018,10,kaggle_or_raw,data2/data/raw/ten_old/IMG_1667890852607.jpg
SRC_000583,PN_10_0018,10,kaggle_or_raw,data2/data/raw/ten_old/IMG_1667890857069.jpg
SRC_000584,PN_10_0018,10,kaggle_or_raw,data2/data/raw/ten_old/IMG_1667890862022.jpg
SRC_000585,PN_10_0018,10,kaggle_or_raw,data2/data/raw/ten_old/IMG_1667890866484.jpg
SRC_000586,PN_10_0018,10,kaggle_or_raw,data2/data/raw/ten_old/IMG_1667890873327.jpg
SRC_000587,PN_10_0018,10,kaggle_or_raw,data2/data/raw/ten_old/IMG_1667890880223.jpg
SRC_000588,PN_10_0018,10,kaggle_or_raw,data2/data/raw/ten_old/IMG_1667890884820.jpg
SRC_000589,PN_10_0018,10,kaggle_or_raw,data2/data/raw/ten_old/IMG_1667890888953.jpg
SRC_000590,PN_10_0018,10,kaggle_or_raw,data2/data/raw/ten_old/IMG_1667890892987.jpg
SRC_000591,PN_10_0018,10,kaggle_or_raw,data2/data/raw/ten_old/IMG_1667890896686.jpg
SRC_000592,PN_10_0018,10,kaggle_or_raw,data2/data/raw/ten_old/IMG_1667890900336.jpg
SRC_000593,PN_10_0018,10,kaggle_or_raw,data2/data/raw/ten_old/IMG_1667890903832.jpg
SRC_000594,PN_10_0018,10,kaggle_or_raw,data2/data/raw/ten_old/IMG_1667890908177.jpg
SRC_000595,PN_10_0018,10,kaggle_or_raw,data2/data/raw/ten_old/IMG_1667890911355.jpg
SRC_000596,PN_10_0018,10,kaggle_or_raw,data2/data/raw/ten_old/IMG_1667890916678.jpg
SRC_000597,PN_10_0018,10,kaggle_or_raw,data2/data/raw/ten_old/IMG_1667890920978.jpg
SRC_000598,PN_10_0018,10,kaggle_or_raw,data2/data/raw/ten_old/IMG_1667890928165.jpg
SRC_000599,PN_10_0018,10,kaggle_or_raw,data2/data/raw/ten_old/IMG_1667890933825.jpg
SRC_000600,PN_10_0018,10,kaggle_or_raw,data2/data/raw/ten_old/IMG_1667890938900.jpg
SRC_000601,PN_10_0018,10,kaggle_or_raw,data2/data/raw/ten_old/IMG_1667890945055.jpg
SRC_000602,PN_10_0018,10,kaggle_or_raw,data2/data/raw/ten_old/IMG_1667890961970.jpg
SRC_000603,PN_10_0018,10,kaggle_or_raw,data2/data/raw/ten_old/IMG_1667890973769.jpg
SRC_000604,PN_10_0018,10,kaggle_or_raw,data2/data/raw/ten_old/IMG_1667890977949.jpg
SRC_000605,PN_10_0018,10,kaggle_or_raw,data2/data/raw/ten_old/IMG_1667890984221.jpg
SRC_000606,PN_10_0018,10,kaggle_or_raw,data2/data/raw/ten_old/IMG_1667890988419.jpg
SRC_000607,PN_10_0018,10,kaggle_or_raw,data2/data/raw/ten_old/IMG_1667890992400.jpg
SRC_000608,PN_10_0018,10,kaggle_or_raw,data2/data/raw/ten_old/IMG_1667891002558.jpg
SRC_000609,PN_10_0018,10,kaggle_or_raw,data2/data/raw/ten_old/IMG_1667891006710.jpg
SRC_000610,PN_10_0018,10,kaggle_or_raw,data2/data/raw/ten_old/IMG_1667891011610.jpg
SRC_000611,PN_10_0018,10,kaggle_or_raw,data2/data/raw/ten_old/IMG_1667891015717.jpg
SRC_000612,PN_10_0018,10,kaggle_or_raw,data2/data/raw/ten_old/IMG_1667891037419.jpg
SRC_000613,PN_10_0018,10,kaggle_or_raw,data2/data/raw/ten_old/IMG_1667891041165.jpg
SRC_000614,PN_10_0018,10,kaggle_or_raw,data2/data/raw/ten_old/IMG_1667891067809.jpg
SRC_000615,PN_10_0018,10,kaggle_or_raw,data2/data/raw/ten_old/IMG_1667891072188.jpg
SRC_000616,PN_10_0018,10,kaggle_or_raw,data2/data/raw/ten_old/IMG_1667891076007.jpg
SRC_000617,PN_10_0018,10,kaggle_or_raw,data2/data/raw/ten_old/IMG_1667891080639.jpg
SRC_000618,PN_10_0018,10,kaggle_or_raw,data2/data/raw/ten_old/IMG_1667891085115.jpg
SRC_000619,PN_10_0018,10,kaggle_or_raw,data2/data/raw/ten_old/IMG_1667891089333.jpg
SRC_000620,PN_10_0018,10,kaggle_or_raw,data2/data/raw/ten_old/IMG_1667891101972.jpg
SRC_000621,PN_10_0018,10,kaggle_or_raw,data2/data/raw/ten_old/IMG_1667891105312.jpg
SRC_000622,PN_10_0018,10,kaggle_or_raw,data2/data/raw/ten_old/IMG_1667891109965.jpg
SRC_000623,PN_10_0018,10,kaggle_or_raw,data2/data/raw/ten_old/IMG_1667891114198.jpg
SRC_000624,PN_10_0018,10,kaggle_or_raw,data2/data/raw/ten_old/IMG_1667891121554.jpg
SRC_000625,PN_10_0018,10,kaggle_or_raw,data2/data/raw/ten_old/IMG_1667891124629.jpg
SRC_000626,PN_10_0018,10,kaggle_or_raw,data2/data/raw/ten_old/IMG_1667891131810.jpg
SRC_000627,PN_10_0018,10,kaggle_or_raw,data2/data/raw/ten_old/IMG_1667891135468.jpg
SRC_000628,PN_10_0018,10,kaggle_or_raw,data2/data/raw/ten_old/IMG_1667891139311.jpg
SRC_000629,PN_10_0018,10,kaggle_or_raw,data2/data/raw/ten_old/IMG_1667891143160.jpg
SRC_000630,PN_10_0018,10,kaggle_or_raw,data2/data/raw/ten_old/IMG_1667891147302.jpg
SRC_000631,PN_10_0018,10,kaggle_or_raw,data2/data/raw/ten_old/IMG_1667891150879.jpg
SRC_000632,PN_10_0018,10,kaggle_or_raw,data2/data/raw/ten_old/IMG_1667891154550.jpg
SRC_000633,PN_10_0018,10,kaggle_or_raw,data2/data/raw/ten_old/IMG_1667891158404.jpg
SRC_000634,PN_10_0018,10,kaggle_or_raw,data2/data/raw/ten_old/IMG_1667891162677.jpg
SRC_000635,PN_10_0018,10,kaggle_or_raw,data2/data/raw/ten_old/IMG_1667891166279.jpg
SRC_000636,PN_10_0018,10,kaggle_or_raw,data2/data/raw/ten_old/IMG_1667891170013.jpg
SRC_000637,PN_10_0018,10,kaggle_or_raw,data2/data/raw/ten_old/IMG_1667891174632.jpg
SRC_000638,PN_10_0018,10,kaggle_or_raw,data2/data/raw/ten_old/IMG_1667891179477.jpg
SRC_000639,PN_10_0018,10,kaggle_or_raw,data2/data/raw/ten_old/IMG_1667891183345.jpg
SRC_000640,PN_10_0018,10,kaggle_or_raw,data2/data/raw/ten_old/IMG_1667891187756.jpg
SRC_000641,PN_10_0018,10,kaggle_or_raw,data2/data/raw/ten_old/IMG_1667891191137.jpg
SRC_000642,PN_10_0018,10,kaggle_or_raw,data2/data/raw/ten_old/IMG_1667891200139.jpg
SRC_000643,PN_10_0018,10,kaggle_or_raw,data2/data/raw/ten_old/IMG_1667891204212.jpg
SRC_000644,PN_10_0018,10,kaggle_or_raw,data2/data/raw/ten_old/IMG_1667891209948.jpg
SRC_000645,PN_10_0018,10,kaggle_or_raw,data2/data/raw/ten_old/IMG_1667891215999.jpg
SRC_000646,PN_10_0018,10,kaggle_or_raw,data2/data/raw/ten_old/IMG_1667891220851.jpg
SRC_000647,PN_10_0018,10,kaggle_or_raw,data2/data/raw/ten_old/IMG_1667891228098.jpg
SRC_000648,PN_10_0018,10,kaggle_or_raw,data2/data/raw/ten_old/IMG_1667891238959.jpg
SRC_000649,PN_10_0018,10,kaggle_or_raw,data2/data/raw/ten_old/IMG_1667891242829.jpg
SRC_000650,PN_10_0018,10,kaggle_or_raw,data2/data/raw/ten_old/IMG_1667891249949.jpg
SRC_000651,PN_10_0018,10,kaggle_or_raw,data2/data/raw/ten_old/IMG_1667891253492.jpg
SRC_000652,PN_20_0003,20,kaggle_or_raw,data2/data/raw/twenty_new/IMG_1666263494205.jpg
SRC_000653,PN_20_0003,20,kaggle_or_raw,data2/data/raw/twenty_new/IMG_1666263503342.jpg
SRC_000654,PN_20_0003,20,kaggle_or_raw,data2/data/raw/twenty_new/IMG_1666263513900.jpg
SRC_000655,PN_20_0003,20,kaggle_or_raw,data2/data/raw/twenty_new/IMG_1666263537973.jpg
SRC_000656,PN_20_0003,20,kaggle_or_raw,data2/data/raw/twenty_new/IMG_1666263566157.jpg
SRC_000657,PN_20_0003,20,kaggle_or_raw,data2/data/raw/twenty_new/IMG_1666263604161.jpg
SRC_000658,PN_20_0003,20,kaggle_or_raw,data2/data/raw/twenty_new/IMG_1666263616225.jpg
SRC_000659,PN_20_0003,20,kaggle_or_raw,data2/data/raw/twenty_new/IMG_1666263649110.jpg
SRC_000660,PN_20_0003,20,kaggle_or_raw,data2/data/raw/twenty_new/IMG_1666263666453.jpg
SRC_000661,PN_20_0003,20,kaggle_or_raw,data2/data/raw/twenty_new/IMG_1666263719237.jpg
SRC_000662,PN_20_0003,20,kaggle_or_raw,data2/data/raw/twenty_new/IMG_1666263773520.jpg
SRC_000663,PN_20_0003,20,kaggle_or_raw,data2/data/raw/twenty_new/IMG_1666263784630.jpg
SRC_000664,PN_20_0003,20,kaggle_or_raw,data2/data/raw/twenty_new/IMG_1666263800842.jpg
SRC_000665,PN_20_0003,20,kaggle_or_raw,data2/data/raw/twenty_new/IMG_1666263817674.jpg
SRC_000666,PN_20_0003,20,kaggle_or_raw,data2/data/raw/twenty_new/IMG_1666263858494.jpg
SRC_000667,PN_20_0003,20,kaggle_or_raw,data2/data/raw/twenty_new/IMG_1666263866281.jpg
SRC_000668,PN_20_0003,20,kaggle_or_raw,data2/data/raw/twenty_new/IMG_1666263867185.jpg
SRC_000669,PN_20_0003,20,kaggle_or_raw,data2/data/raw/twenty_new/IMG_1666263874614.jpg
SRC_000670,PN_20_0003,20,kaggle_or_raw,data2/data/raw/twenty_new/IMG_1666263895891.jpg
SRC_000671,PN_20_0003,20,kaggle_or_raw,data2/data/raw/twenty_new/IMG_1666263910869.jpg
SRC_000672,PN_20_0003,20,kaggle_or_raw,data2/data/raw/twenty_new/IMG_1666263926987.jpg
SRC_000673,PN_20_0003,20,kaggle_or_raw,data2/data/raw/twenty_new/IMG_1666263947473.jpg
SRC_000674,PN_20_0004,20,kaggle_or_raw,data2/data/raw/twenty_new/IMG_1666264045765.jpg
SRC_000675,PN_20_0004,20,kaggle_or_raw,data2/data/raw/twenty_new/IMG_1666264052850.jpg
SRC_000676,PN_20_0004,20,kaggle_or_raw,data2/data/raw/twenty_new/IMG_1666264067259.jpg
SRC_000677,PN_20_0004,20,kaggle_or_raw,data2/data/raw/twenty_new/IMG_1666264074873.jpg
SRC_000678,PN_20_0004,20,kaggle_or_raw,data2/data/raw/twenty_new/IMG_1666264087085.jpg
SRC_000679,PN_20_0004,20,kaggle_or_raw,data2/data/raw/twenty_new/IMG_1666264110006.jpg
SRC_000680,PN_20_0004,20,kaggle_or_raw,data2/data/raw/twenty_new/IMG_1666264129220.jpg
SRC_000681,PN_20_0004,20,kaggle_or_raw,data2/data/raw/twenty_new/IMG_1666264187799.jpg
SRC_000682,PN_20_0004,20,kaggle_or_raw,data2/data/raw/twenty_new/IMG_1666264193293.jpg
SRC_000683,PN_20_0004,20,kaggle_or_raw,data2/data/raw/twenty_new/IMG_1666264219043.jpg
SRC_000684,PN_20_0004,20,kaggle_or_raw,data2/data/raw/twenty_new/IMG_1666264239511.jpg
SRC_000685,PN_20_0004,20,kaggle_or_raw,data2/data/raw/twenty_new/IMG_1666264245268.jpg
SRC_000686,PN_20_0004,20,kaggle_or_raw,data2/data/raw/twenty_new/IMG_1666264257513.jpg
SRC_000687,PN_20_0004,20,kaggle_or_raw,data2/data/raw/twenty_new/IMG_1666264280003.jpg
SRC_000688,PN_20_0004,20,kaggle_or_raw,data2/data/raw/twenty_new/IMG_1666264288862.jpg
SRC_000689,PN_20_0004,20,kaggle_or_raw,data2/data/raw/twenty_new/IMG_1666264316723.jpg
SRC_000690,PN_20_0004,20,kaggle_or_raw,data2/data/raw/twenty_new/IMG_1666264346171.jpg
SRC_000691,PN_20_0004,20,kaggle_or_raw,data2/data/raw/twenty_new/IMG_1666264355908.jpg
SRC_000692,PN_20_0004,20,kaggle_or_raw,data2/data/raw/twenty_new/IMG_1666264378360.jpg
SRC_000693,PN_20_0004,20,kaggle_or_raw,data2/data/raw/twenty_new/IMG_1666264394629.jpg
SRC_000694,PN_20_0004,20,kaggle_or_raw,data2/data/raw/twenty_new/IMG_1666264422650.jpg
SRC_000695,PN_20_0004,20,kaggle_or_raw,data2/data/raw/twenty_new/IMG_1666264438044.jpg
SRC_000696,PN_20_0004,20,kaggle_or_raw,data2/data/raw/twenty_new/IMG_1666264470802.jpg
SRC_000697,PN_20_0004,20,kaggle_or_raw,data2/data/raw/twenty_new/IMG_1666264489479.jpg
SRC_000698,PN_20_0004,20,kaggle_or_raw,data2/data/raw/twenty_new/IMG_1666264505282.jpg
SRC_000699,PN_20_0004,20,kaggle_or_raw,data2/data/raw/twenty_new/IMG_1666264517077.jpg
SRC_000700,PN_20_0004,20,kaggle_or_raw,data2/data/raw/twenty_new/IMG_1666264527748.jpg
SRC_000701,PN_20_0004,20,kaggle_or_raw,data2/data/raw/twenty_new/IMG_1666264557337.jpg
SRC_000702,PN_20_0004,20,kaggle_or_raw,data2/data/raw/twenty_new/IMG_1666264572460.jpg
SRC_000703,PN_20_0004,20,kaggle_or_raw,data2/data/raw/twenty_new/IMG_1666264581271.jpg
SRC_000704,PN_20_0004,20,kaggle_or_raw,data2/data/raw/twenty_new/IMG_1666264592041.jpg
SRC_000705,PN_20_0004,20,kaggle_or_raw,data2/data/raw/twenty_new/IMG_1666264638638.jpg
SRC_000706,PN_20_0005,20,kaggle_or_raw,data2/data/raw/twenty_new/IMG_1666264740992.jpg
SRC_000707,PN_20_0006,20,kaggle_or_raw,data2/data/raw/twenty_new/IMG_1666265181549.jpg
SRC_000708,PN_20_0006,20,kaggle_or_raw,data2/data/raw/twenty_new/IMG_1666265185226.jpg
SRC_000709,PN_20_0006,20,kaggle_or_raw,data2/data/raw/twenty_new/IMG_1666265194037.jpg
SRC_000710,PN_20_0006,20,kaggle_or_raw,data2/data/raw/twenty_new/IMG_1666265202470.jpg
SRC_000711,PN_20_0007,20,kaggle_or_raw,data2/data/raw/twenty_new/IMG_1666265282604.jpg
SRC_000712,PN_20_0007,20,kaggle_or_raw,data2/data/raw/twenty_new/IMG_1666265305140.jpg
SRC_000713,PN_20_0007,20,kaggle_or_raw,data2/data/raw/twenty_new/IMG_1666265338774.jpg
SRC_000714,PN_20_0007,20,kaggle_or_raw,data2/data/raw/twenty_new/IMG_1666265354417.jpg
SRC_000715,PN_20_0007,20,kaggle_or_raw,data2/data/raw/twenty_new/IMG_1666265369558.jpg
SRC_000716,PN_20_0009,20,kaggle_or_raw,data2/data/raw/twenty_new/IMG_1667839808849.jpg
SRC_000717,PN_20_0009,20,kaggle_or_raw,data2/data/raw/twenty_new/IMG_1667839812957.jpg
SRC_000718,PN_20_0009,20,kaggle_or_raw,data2/data/raw/twenty_new/IMG_1667839817105.jpg
SRC_000719,PN_20_0009,20,kaggle_or_raw,data2/data/raw/twenty_new/IMG_1667839822814.jpg
SRC_000720,PN_20_0009,20,kaggle_or_raw,data2/data/raw/twenty_new/IMG_1667839879738.jpg
SRC_000721,PN_20_0009,20,kaggle_or_raw,data2/data/raw/twenty_new/IMG_1667839884574.jpg
SRC_000722,PN_20_0009,20,kaggle_or_raw,data2/data/raw/twenty_new/IMG_1667839888738.jpg
SRC_000723,PN_20_0009,20,kaggle_or_raw,data2/data/raw/twenty_new/IMG_1667839893002.jpg
SRC_000724,PN_20_0009,20,kaggle_or_raw,data2/data/raw/twenty_new/IMG_1667839900248.jpg
SRC_000725,PN_20_0009,20,kaggle_or_raw,data2/data/raw/twenty_new/IMG_1667839904783.jpg
SRC_000726,PN_20_0009,20,kaggle_or_raw,data2/data/raw/twenty_new/IMG_1667839909119.jpg
SRC_000727,PN_20_0009,20,kaggle_or_raw,data2/data/raw/twenty_new/IMG_1667839912701.jpg
SRC_000728,PN_20_0009,20,kaggle_or_raw,data2/data/raw/twenty_new/IMG_1667839921830.jpg
SRC_000729,PN_20_0009,20,kaggle_or_raw,data2/data/raw/twenty_new/IMG_1667839934237.jpg
SRC_000730,PN_20_0009,20,kaggle_or_raw,data2/data/raw/twenty_new/IMG_1667839938408.jpg
SRC_000731,PN_20_0009,20,kaggle_or_raw,data2/data/raw/twenty_new/IMG_1667839943368.jpg
SRC_000732,PN_20_0009,20,kaggle_or_raw,data2/data/raw/twenty_new/IMG_1667839955455.jpg
SRC_000733,PN_20_0009,20,kaggle_or_raw,data2/data/raw/twenty_new/IMG_1667839959179.jpg
SRC_000734,PN_20_0009,20,kaggle_or_raw,data2/data/raw/twenty_new/IMG_1667839963944.jpg
SRC_000735,PN_20_0009,20,kaggle_or_raw,data2/data/raw/twenty_new/IMG_1667839967928.jpg
SRC_000736,PN_20_0009,20,kaggle_or_raw,data2/data/raw/twenty_new/IMG_1667839972958.jpg
SRC_000737,PN_20_0009,20,kaggle_or_raw,data2/data/raw/twenty_new/IMG_1667839977960.jpg
SRC_000738,PN_20_0009,20,kaggle_or_raw,data2/data/raw/twenty_new/IMG_1667839982913.jpg
SRC_000739,PN_20_0009,20,kaggle_or_raw,data2/data/raw/twenty_new/IMG_1667839987522.jpg
SRC_000740,PN_20_0009,20,kaggle_or_raw,data2/data/raw/twenty_new/IMG_1667839993447.jpg
SRC_000741,PN_20_0009,20,kaggle_or_raw,data2/data/raw/twenty_new/IMG_1667839997017.jpg
SRC_000742,PN_20_0009,20,kaggle_or_raw,data2/data/raw/twenty_new/IMG_1667840001463.jpg
SRC_000743,PN_20_0009,20,kaggle_or_raw,data2/data/raw/twenty_new/IMG_1667840005691.jpg
SRC_000744,PN_20_0009,20,kaggle_or_raw,data2/data/raw/twenty_new/IMG_1667840011591.jpg
SRC_000745,PN_20_0009,20,kaggle_or_raw,data2/data/raw/twenty_new/IMG_1667840015516.jpg
SRC_000746,PN_20_0009,20,kaggle_or_raw,data2/data/raw/twenty_new/IMG_1667840021765.jpg
SRC_000747,PN_20_0009,20,kaggle_or_raw,data2/data/raw/twenty_new/IMG_1667840025749.jpg
SRC_000748,PN_20_0009,20,kaggle_or_raw,data2/data/raw/twenty_new/IMG_1667840039216.jpg
SRC_000749,PN_20_0009,20,kaggle_or_raw,data2/data/raw/twenty_new/IMG_1667840043976.jpg
SRC_000750,PN_20_0009,20,kaggle_or_raw,data2/data/raw/twenty_new/IMG_1667840048558.jpg
SRC_000751,PN_20_0009,20,kaggle_or_raw,data2/data/raw/twenty_new/IMG_1667840053392.jpg
SRC_000752,PN_20_0009,20,kaggle_or_raw,data2/data/raw/twenty_new/IMG_1667840060528.jpg
SRC_000753,PN_20_0009,20,kaggle_or_raw,data2/data/raw/twenty_new/IMG_1667840065307.jpg
SRC_000754,PN_20_0009,20,kaggle_or_raw,data2/data/raw/twenty_new/IMG_1667840069537.jpg
SRC_000755,PN_20_0009,20,kaggle_or_raw,data2/data/raw/twenty_new/IMG_1667840075417.jpg
SRC_000756,PN_20_0009,20,kaggle_or_raw,data2/data/raw/twenty_new/IMG_1667840095631.jpg
SRC_000757,PN_20_0009,20,kaggle_or_raw,data2/data/raw/twenty_new/IMG_1667840099234.jpg
SRC_000758,PN_20_0009,20,kaggle_or_raw,data2/data/raw/twenty_new/IMG_1667840103185.jpg
SRC_000759,PN_20_0009,20,kaggle_or_raw,data2/data/raw/twenty_new/IMG_1667840106601.jpg
SRC_000760,PN_20_0009,20,kaggle_or_raw,data2/data/raw/twenty_new/IMG_1667840114793.jpg
SRC_000761,PN_20_0009,20,kaggle_or_raw,data2/data/raw/twenty_new/IMG_1667840118872.jpg
SRC_000762,PN_20_0009,20,kaggle_or_raw,data2/data/raw/twenty_new/IMG_1667840122133.jpg
SRC_000763,PN_20_0009,20,kaggle_or_raw,data2/data/raw/twenty_new/IMG_1667840126421.jpg
SRC_000764,PN_20_0009,20,kaggle_or_raw,data2/data/raw/twenty_new/IMG_1667840130393.jpg
SRC_000765,PN_20_0009,20,kaggle_or_raw,data2/data/raw/twenty_new/IMG_1667840134691.jpg
SRC_000766,PN_20_0009,20,kaggle_or_raw,data2/data/raw/twenty_new/IMG_1667840139440.jpg
SRC_000767,PN_20_0009,20,kaggle_or_raw,data2/data/raw/twenty_new/IMG_1667840144590.jpg
SRC_000768,PN_20_0009,20,kaggle_or_raw,data2/data/raw/twenty_new/IMG_1667840155908.jpg
SRC_000769,PN_20_0009,20,kaggle_or_raw,data2/data/raw/twenty_new/IMG_1667840159986.jpg
SRC_000770,PN_20_0009,20,kaggle_or_raw,data2/data/raw/twenty_new/IMG_1667840165384.jpg
SRC_000771,PN_20_0009,20,kaggle_or_raw,data2/data/raw/twenty_new/IMG_1667840170159.jpg
SRC_000772,PN_20_0009,20,kaggle_or_raw,data2/data/raw/twenty_new/IMG_1667840177557.jpg
SRC_000773,PN_20_0009,20,kaggle_or_raw,data2/data/raw/twenty_new/IMG_1667840181554.jpg
SRC_000774,PN_20_0009,20,kaggle_or_raw,data2/data/raw/twenty_new/IMG_1667840185738.jpg
SRC_000775,PN_20_0009,20,kaggle_or_raw,data2/data/raw/twenty_new/IMG_1667840189919.jpg
SRC_000776,PN_20_0009,20,kaggle_or_raw,data2/data/raw/twenty_new/IMG_1667840225218.jpg
SRC_000777,PN_20_0009,20,kaggle_or_raw,data2/data/raw/twenty_new/IMG_1667840228803.jpg
SRC_000778,PN_20_0009,20,kaggle_or_raw,data2/data/raw/twenty_new/IMG_1667840240814.jpg
SRC_000779,PN_20_0009,20,kaggle_or_raw,data2/data/raw/twenty_new/IMG_1667840245064.jpg
SRC_000780,PN_20_0009,20,kaggle_or_raw,data2/data/raw/twenty_new/IMG_1667840249329.jpg
SRC_000781,PN_20_0009,20,kaggle_or_raw,data2/data/raw/twenty_new/IMG_1667840254005.jpg
SRC_000782,PN_20_0009,20,kaggle_or_raw,data2/data/raw/twenty_new/IMG_1667840256928.jpg
SRC_000783,PN_20_0009,20,kaggle_or_raw,data2/data/raw/twenty_new/IMG_1667840259855.jpg
SRC_000784,PN_20_0009,20,kaggle_or_raw,data2/data/raw/twenty_new/IMG_1667840263523.jpg
SRC_000785,PN_20_0009,20,kaggle_or_raw,data2/data/raw/twenty_new/IMG_1667840266896.jpg
SRC_000786,PN_20_0009,20,kaggle_or_raw,data2/data/raw/twenty_new/IMG_1667840269918.jpg
SRC_000787,PN_20_0009,20,kaggle_or_raw,data2/data/raw/twenty_new/IMG_1667840273501.jpg
SRC_000788,PN_20_0009,20,kaggle_or_raw,data2/data/raw/twenty_new/IMG_1667840278848.jpg
SRC_000789,PN_20_0009,20,kaggle_or_raw,data2/data/raw/twenty_new/IMG_1667840284245.jpg
SRC_000790,PN_20_0009,20,kaggle_or_raw,data2/data/raw/twenty_new/IMG_1667840287710.jpg
SRC_000791,PN_20_0009,20,kaggle_or_raw,data2/data/raw/twenty_new/IMG_1667840291179.jpg
SRC_000792,PN_20_0009,20,kaggle_or_raw,data2/data/raw/twenty_new/IMG_1667840299682.jpg
SRC_000793,PN_20_0009,20,kaggle_or_raw,data2/data/raw/twenty_new/IMG_1667840303905.jpg
SRC_000794,PN_20_0009,20,kaggle_or_raw,data2/data/raw/twenty_new/IMG_1667840311666.jpg
SRC_000795,PN_20_0009,20,kaggle_or_raw,data2/data/raw/twenty_new/IMG_1667840316247.jpg
SRC_000796,PN_20_0009,20,kaggle_or_raw,data2/data/raw/twenty_new/IMG_1667840319873.jpg
SRC_000797,PN_20_0009,20,kaggle_or_raw,data2/data/raw/twenty_new/IMG_1667840323094.jpg
SRC_000798,PN_20_0009,20,kaggle_or_raw,data2/data/raw/twenty_new/IMG_1667840327138.jpg
SRC_000799,PN_20_0009,20,kaggle_or_raw,data2/data/raw/twenty_new/IMG_1667840331172.jpg
SRC_000800,PN_20_0009,20,kaggle_or_raw,data2/data/raw/twenty_new/IMG_1667840336845.jpg
SRC_000801,PN_20_0009,20,kaggle_or_raw,data2/data/raw/twenty_new/IMG_1667840341726.jpg
SRC_000802,PN_20_0009,20,kaggle_or_raw,data2/data/raw/twenty_new/IMG_1667840345628.jpg
SRC_000803,PN_20_0009,20,kaggle_or_raw,data2/data/raw/twenty_new/IMG_1667840349461.jpg
SRC_000804,PN_20_0009,20,kaggle_or_raw,data2/data/raw/twenty_new/IMG_1667840354277.jpg
SRC_000805,PN_20_0009,20,kaggle_or_raw,data2/data/raw/twenty_new/IMG_1667840358892.jpg
SRC_000806,PN_20_0009,20,kaggle_or_raw,data2/data/raw/twenty_new/IMG_1667840362916.jpg
SRC_000807,PN_20_0009,20,kaggle_or_raw,data2/data/raw/twenty_new/IMG_1667840367381.jpg
SRC_000808,PN_20_0009,20,kaggle_or_raw,data2/data/raw/twenty_new/IMG_1667840378077.jpg
SRC_000809,PN_20_0009,20,kaggle_or_raw,data2/data/raw/twenty_new/IMG_1667840383173.jpg
SRC_000810,PN_20_0009,20,kaggle_or_raw,data2/data/raw/twenty_new/IMG_1667840387869.jpg
SRC_000811,PN_20_0009,20,kaggle_or_raw,data2/data/raw/twenty_new/IMG_1667840391884.jpg
SRC_000812,PN_20_0009,20,kaggle_or_raw,data2/data/raw/twenty_new/IMG_1667840396599.jpg
SRC_000813,PN_20_0009,20,kaggle_or_raw,data2/data/raw/twenty_new/IMG_1667840402295.jpg
SRC_000814,PN_20_0009,20,kaggle_or_raw,data2/data/raw/twenty_new/IMG_1667840407977.jpg
SRC_000815,PN_20_0009,20,kaggle_or_raw,data2/data/raw/twenty_new/IMG_1667840414478.jpg
SRC_000816,PN_20_0009,20,kaggle_or_raw,data2/data/raw/twenty_new/IMG_1667840421974.jpg
SRC_000817,PN_20_0009,20,kaggle_or_raw,data2/data/raw/twenty_new/IMG_1667840426363.jpg
SRC_000818,PN_20_0009,20,kaggle_or_raw,data2/data/raw/twenty_new/IMG_1667840480879.jpg
SRC_000819,PN_20_0009,20,kaggle_or_raw,data2/data/raw/twenty_new/IMG_1667840485362.jpg
SRC_000820,PN_20_0009,20,kaggle_or_raw,data2/data/raw/twenty_new/IMG_1667840489311.jpg
SRC_000821,PN_20_0009,20,kaggle_or_raw,data2/data/raw/twenty_new/IMG_1667840493024.jpg
SRC_000822,PN_20_0009,20,kaggle_or_raw,data2/data/raw/twenty_new/IMG_1667840497054.jpg
SRC_000823,PN_20_0009,20,kaggle_or_raw,data2/data/raw/twenty_new/IMG_1667840500780.jpg
SRC_000824,PN_20_0009,20,kaggle_or_raw,data2/data/raw/twenty_new/IMG_1667840504652.jpg
SRC_000825,PN_20_0009,20,kaggle_or_raw,data2/data/raw/twenty_new/IMG_1667840509344.jpg
SRC_000826,PN_20_0009,20,kaggle_or_raw,data2/data/raw/twenty_new/IMG_1667840513805.jpg
SRC_000827,PN_20_0009,20,kaggle_or_raw,data2/data/raw/twenty_new/IMG_1667840517973.jpg
SRC_000828,PN_20_0009,20,kaggle_or_raw,data2/data/raw/twenty_new/IMG_1667840522491.jpg
SRC_000829,PN_20_0009,20,kaggle_or_raw,data2/data/raw/twenty_new/IMG_1667840526756.jpg
SRC_000830,PN_20_0009,20,kaggle_or_raw,data2/data/raw/twenty_new/IMG_1667840533448.jpg
SRC_000831,PN_20_0009,20,kaggle_or_raw,data2/data/raw/twenty_new/IMG_1667840547355.jpg
SRC_000832,PN_20_0009,20,kaggle_or_raw,data2/data/raw/twenty_new/IMG_1667840551741.jpg
SRC_000833,PN_20_0009,20,kaggle_or_raw,data2/data/raw/twenty_new/IMG_1667840577183.jpg
SRC_000834,PN_20_0009,20,kaggle_or_raw,data2/data/raw/twenty_new/IMG_1667840587831.jpg
SRC_000835,PN_20_0009,20,kaggle_or_raw,data2/data/raw/twenty_new/IMG_1667840591802.jpg
SRC_000836,PN_20_0009,20,kaggle_or_raw,data2/data/raw/twenty_new/IMG_1667840602330.jpg
SRC_000837,PN_20_0009,20,kaggle_or_raw,data2/data/raw/twenty_new/IMG_1667840607323.jpg
SRC_000838,PN_20_0009,20,kaggle_or_raw,data2/data/raw/twenty_new/IMG_1667840665880.jpg
SRC_000839,PN_20_0009,20,kaggle_or_raw,data2/data/raw/twenty_new/IMG_1667840670345.jpg
SRC_000840,PN_20_0009,20,kaggle_or_raw,data2/data/raw/twenty_new/IMG_1667840672344.jpg
SRC_000841,PN_20_0009,20,kaggle_or_raw,data2/data/raw/twenty_new/IMG_1667840677338.jpg
SRC_000842,PN_20_0009,20,kaggle_or_raw,data2/data/raw/twenty_new/IMG_1667840680979.jpg
SRC_000843,PN_20_0009,20,kaggle_or_raw,data2/data/raw/twenty_new/IMG_1667840686004.jpg
SRC_000844,PN_20_0009,20,kaggle_or_raw,data2/data/raw/twenty_new/IMG_1667840690842.jpg
SRC_000845,PN_20_0009,20,kaggle_or_raw,data2/data/raw/twenty_new/IMG_1667840695703.jpg
SRC_000846,PN_20_0009,20,kaggle_or_raw,data2/data/raw/twenty_new/IMG_1667840699899.jpg
SRC_000847,PN_20_0009,20,kaggle_or_raw,data2/data/raw/twenty_new/IMG_1667840704332.jpg
SRC_000848,PN_20_0009,20,kaggle_or_raw,data2/data/raw/twenty_new/IMG_1667840708607.jpg
SRC_000849,PN_20_0009,20,kaggle_or_raw,data2/data/raw/twenty_new/IMG_1667840728696.jpg
SRC_000850,PN_20_0009,20,kaggle_or_raw,data2/data/raw/twenty_new/IMG_1667840734095.jpg
SRC_000851,PN_20_0009,20,kaggle_or_raw,data2/data/raw/twenty_new/IMG_1667840738791.jpg
SRC_000852,PN_20_0009,20,kaggle_or_raw,data2/data/raw/twenty_new/IMG_1667840743290.jpg
SRC_000853,PN_20_0009,20,kaggle_or_raw,data2/data/raw/twenty_new/IMG_1667840748012.jpg
SRC_000854,PN_20_0009,20,kaggle_or_raw,data2/data/raw/twenty_new/IMG_1667840752016.jpg
SRC_000855,PN_20_0009,20,kaggle_or_raw,data2/data/raw/twenty_new/IMG_1667840756167.jpg
SRC_000856,PN_20_0009,20,kaggle_or_raw,data2/data/raw/twenty_new/IMG_1667840761744.jpg
SRC_000857,PN_20_0009,20,kaggle_or_raw,data2/data/raw/twenty_new/IMG_1667840766149.jpg
SRC_000858,PN_20_0009,20,kaggle_or_raw,data2/data/raw/twenty_new/IMG_1667840770714.jpg
SRC_000859,PN_20_0009,20,kaggle_or_raw,data2/data/raw/twenty_new/IMG_1667840779994.jpg
SRC_000860,PN_20_0009,20,kaggle_or_raw,data2/data/raw/twenty_new/IMG_1667840786812.jpg
SRC_000861,PN_20_0009,20,kaggle_or_raw,data2/data/raw/twenty_new/IMG_1667840793837.jpg
SRC_000862,PN_20_0009,20,kaggle_or_raw,data2/data/raw/twenty_new/IMG_1667840799332.jpg
SRC_000863,PN_20_0009,20,kaggle_or_raw,data2/data/raw/twenty_new/IMG_1667840825352.jpg
SRC_000864,PN_20_0009,20,kaggle_or_raw,data2/data/raw/twenty_new/IMG_1667840829294.jpg
SRC_000865,PN_20_0009,20,kaggle_or_raw,data2/data/raw/twenty_new/IMG_1667840833698.jpg
SRC_000866,PN_20_0009,20,kaggle_or_raw,data2/data/raw/twenty_new/IMG_1667840837662.jpg
SRC_000867,PN_20_0009,20,kaggle_or_raw,data2/data/raw/twenty_new/IMG_1667840842122.jpg
SRC_000868,PN_20_0009,20,kaggle_or_raw,data2/data/raw/twenty_new/IMG_1667840846790.jpg
SRC_000869,PN_20_0009,20,kaggle_or_raw,data2/data/raw/twenty_new/IMG_1667840850336.jpg
SRC_000870,PN_20_0009,20,kaggle_or_raw,data2/data/raw/twenty_new/IMG_1667840855140.jpg
SRC_000871,PN_20_0009,20,kaggle_or_raw,data2/data/raw/twenty_new/IMG_1667840859815.jpg
SRC_000872,PN_20_0009,20,kaggle_or_raw,data2/data/raw/twenty_new/IMG_1667840864344.jpg
SRC_000873,PN_20_0009,20,kaggle_or_raw,data2/data/raw/twenty_new/IMG_1667840868703.jpg
SRC_000874,PN_20_0009,20,kaggle_or_raw,data2/data/raw/twenty_new/IMG_1667840874388.jpg
SRC_000875,PN_20_0009,20,kaggle_or_raw,data2/data/raw/twenty_new/IMG_1667840878962.jpg
SRC_000876,PN_20_0009,20,kaggle_or_raw,data2/data/raw/twenty_new/IMG_1667840882728.jpg
SRC_000877,PN_20_0009,20,kaggle_or_raw,data2/data/raw/twenty_new/IMG_1667840921011.jpg
SRC_000878,PN_20_0009,20,kaggle_or_raw,data2/data/raw/twenty_new/IMG_1667840924519.jpg
SRC_000879,PN_20_0009,20,kaggle_or_raw,data2/data/raw/twenty_new/IMG_1667840930644.jpg
SRC_000880,PN_20_0009,20,kaggle_or_raw,data2/data/raw/twenty_new/IMG_1667840940485.jpg
SRC_000881,PN_20_0009,20,kaggle_or_raw,data2/data/raw/twenty_new/IMG_1667840944452.jpg
SRC_000882,PN_20_0009,20,kaggle_or_raw,data2/data/raw/twenty_new/IMG_1667840949219.jpg
SRC_000883,PN_20_0009,20,kaggle_or_raw,data2/data/raw/twenty_new/IMG_1667840954968.jpg
SRC_000884,PN_20_0009,20,kaggle_or_raw,data2/data/raw/twenty_new/IMG_1667840958834.jpg
SRC_000885,PN_20_0009,20,kaggle_or_raw,data2/data/raw/twenty_new/IMG_1667840985342.jpg
SRC_000886,PN_20_0009,20,kaggle_or_raw,data2/data/raw/twenty_new/IMG_1667840989175.jpg
SRC_000887,PN_20_0009,20,kaggle_or_raw,data2/data/raw/twenty_new/IMG_1667841004056.jpg
SRC_000888,PN_20_0009,20,kaggle_or_raw,data2/data/raw/twenty_new/IMG_1667841008036.jpg
SRC_000889,PN_20_0009,20,kaggle_or_raw,data2/data/raw/twenty_new/IMG_1667841040630.jpg
SRC_000890,PN_20_0009,20,kaggle_or_raw,data2/data/raw/twenty_new/IMG_1667841044401.jpg
SRC_000891,PN_20_0009,20,kaggle_or_raw,data2/data/raw/twenty_new/IMG_1667841048337.jpg
SRC_000892,PN_20_0009,20,kaggle_or_raw,data2/data/raw/twenty_new/IMG_1667841051655.jpg
SRC_000893,PN_20_0009,20,kaggle_or_raw,data2/data/raw/twenty_new/IMG_1667841059988.jpg
SRC_000894,PN_20_0009,20,kaggle_or_raw,data2/data/raw/twenty_new/IMG_1667841063656.jpg
SRC_000895,PN_20_0009,20,kaggle_or_raw,data2/data/raw/twenty_new/IMG_1667841070984.jpg
SRC_000896,PN_20_0009,20,kaggle_or_raw,data2/data/raw/twenty_new/IMG_1667841073182.jpg
SRC_000897,PN_20_0009,20,kaggle_or_raw,data2/data/raw/twenty_new/IMG_1667841077707.jpg
SRC_000898,PN_20_0009,20,kaggle_or_raw,data2/data/raw/twenty_new/IMG_1667841081593.jpg
SRC_000899,PN_20_0009,20,kaggle_or_raw,data2/data/raw/twenty_new/IMG_1667841085958.jpg
SRC_000900,PN_20_0009,20,kaggle_or_raw,data2/data/raw/twenty_new/IMG_1667841089072.jpg
SRC_000901,PN_20_0009,20,kaggle_or_raw,data2/data/raw/twenty_new/IMG_1667841093571.jpg
SRC_000902,PN_20_0009,20,kaggle_or_raw,data2/data/raw/twenty_new/IMG_1667841096392.jpg
SRC_000903,PN_20_0009,20,kaggle_or_raw,data2/data/raw/twenty_new/IMG_1667841100970.jpg
SRC_000904,PN_20_0009,20,kaggle_or_raw,data2/data/raw/twenty_new/IMG_1667841103838.jpg
SRC_000905,PN_20_0009,20,kaggle_or_raw,data2/data/raw/twenty_new/IMG_1667841109309.jpg
SRC_000906,PN_20_0009,20,kaggle_or_raw,data2/data/raw/twenty_new/IMG_1667841112507.jpg
SRC_000907,PN_20_0009,20,kaggle_or_raw,data2/data/raw/twenty_new/IMG_1667841118567.jpg
SRC_000908,PN_20_0009,20,kaggle_or_raw,data2/data/raw/twenty_new/IMG_1667841121719.jpg
SRC_000909,PN_20_0009,20,kaggle_or_raw,data2/data/raw/twenty_new/IMG_1667841130783.jpg
SRC_000910,PN_20_0009,20,kaggle_or_raw,data2/data/raw/twenty_new/IMG_1667841133585.jpg
SRC_000911,PN_20_0009,20,kaggle_or_raw,data2/data/raw/twenty_new/IMG_1667841141246.jpg
SRC_000912,PN_20_0009,20,kaggle_or_raw,data2/data/raw/twenty_new/IMG_1667841146062.jpg
SRC_000913,PN_20_0009,20,kaggle_or_raw,data2/data/raw/twenty_new/IMG_1667841152213.jpg
SRC_000914,PN_20_0009,20,kaggle_or_raw,data2/data/raw/twenty_new/IMG_1667841156452.jpg
SRC_000915,PN_20_0009,20,kaggle_or_raw,data2/data/raw/twenty_new/IMG_1667841162141.jpg
SRC_000916,PN_20_0009,20,kaggle_or_raw,data2/data/raw/twenty_new/IMG_1667841165442.jpg
SRC_000917,PN_20_0009,20,kaggle_or_raw,data2/data/raw/twenty_new/IMG_1667841180925.jpg
SRC_000918,PN_20_0009,20,kaggle_or_raw,data2/data/raw/twenty_new/IMG_1667841185968.jpg
SRC_000919,PN_20_0009,20,kaggle_or_raw,data2/data/raw/twenty_new/IMG_1667841190898.jpg
SRC_000920,PN_20_0009,20,kaggle_or_raw,data2/data/raw/twenty_new/IMG_1667841194948.jpg
SRC_000921,PN_20_0009,20,kaggle_or_raw,data2/data/raw/twenty_new/IMG_1667841200077.jpg
SRC_000922,PN_20_0009,20,kaggle_or_raw,data2/data/raw/twenty_new/IMG_1667841204255.jpg
SRC_000923,PN_20_0009,20,kaggle_or_raw,data2/data/raw/twenty_new/IMG_1667841207766.jpg
SRC_000924,PN_20_0009,20,kaggle_or_raw,data2/data/raw/twenty_new/IMG_1667841220527.jpg
SRC_000925,PN_20_0009,20,kaggle_or_raw,data2/data/raw/twenty_new/IMG_1667841228794.jpg
SRC_000926,PN_20_0009,20,kaggle_or_raw,data2/data/raw/twenty_new/IMG_1667841232963.jpg
SRC_000927,PN_20_0009,20,kaggle_or_raw,data2/data/raw/twenty_new/IMG_1667841235793.jpg
SRC_000928,PN_20_0009,20,kaggle_or_raw,data2/data/raw/twenty_new/IMG_1667841239281.jpg
SRC_000929,PN_20_0009,20,kaggle_or_raw,data2/data/raw/twenty_new/IMG_1667841246289.jpg
SRC_000930,PN_20_0009,20,kaggle_or_raw,data2/data/raw/twenty_new/IMG_1667841263917.jpg
SRC_000931,PN_20_0009,20,kaggle_or_raw,data2/data/raw/twenty_new/IMG_1667841268042.jpg
SRC_000932,PN_20_0009,20,kaggle_or_raw,data2/data/raw/twenty_new/IMG_1667841271390.jpg
SRC_000933,PN_20_0009,20,kaggle_or_raw,data2/data/raw/twenty_new/IMG_1667841274533.jpg
SRC_000934,PN_20_0009,20,kaggle_or_raw,data2/data/raw/twenty_new/IMG_1667841283588.jpg
SRC_000935,PN_20_0009,20,kaggle_or_raw,data2/data/raw/twenty_new/IMG_1667841286623.jpg
SRC_000936,PN_20_0009,20,kaggle_or_raw,data2/data/raw/twenty_new/IMG_1667841291111.jpg
SRC_000937,PN_20_0009,20,kaggle_or_raw,data2/data/raw/twenty_new/IMG_1667841295287.jpg
SRC_000938,PN_20_0009,20,kaggle_or_raw,data2/data/raw/twenty_new/IMG_1667841302629.jpg
SRC_000939,PN_20_0009,20,kaggle_or_raw,data2/data/raw/twenty_new/IMG_1667841306383.jpg
SRC_000940,PN_20_0001,20,kaggle_or_raw,data2/data/raw/twenty_old/IMG_1666262749490.jpg
SRC_000941,PN_20_0001,20,kaggle_or_raw,data2/data/raw/twenty_old/IMG_1666262767019.jpg
SRC_000942,PN_20_0001,20,kaggle_or_raw,data2/data/raw/twenty_old/IMG_1666262812237.jpg
SRC_000943,PN_20_0001,20,kaggle_or_raw,data2/data/raw/twenty_old/IMG_1666262828706.jpg
SRC_000944,PN_20_0001,20,kaggle_or_raw,data2/data/raw/twenty_old/IMG_1666262834692.jpg
SRC_000945,PN_20_0001,20,kaggle_or_raw,data2/data/raw/twenty_old/IMG_1666262886583.jpg
SRC_000946,PN_20_0001,20,kaggle_or_raw,data2/data/raw/twenty_old/IMG_1666262936166.jpg
SRC_000947,PN_20_0001,20,kaggle_or_raw,data2/data/raw/twenty_old/IMG_1666262942427.jpg
SRC_000948,PN_20_0001,20,kaggle_or_raw,data2/data/raw/twenty_old/IMG_1666262955462.jpg
SRC_000949,PN_20_0001,20,kaggle_or_raw,data2/data/raw/twenty_old/IMG_1666262963265.jpg
SRC_000950,PN_20_0001,20,kaggle_or_raw,data2/data/raw/twenty_old/IMG_1666262977058.jpg
SRC_000951,PN_20_0001,20,kaggle_or_raw,data2/data/raw/twenty_old/IMG_1666263010233.jpg
SRC_000952,PN_20_0001,20,kaggle_or_raw,data2/data/raw/twenty_old/IMG_1666263030185.jpg
SRC_000953,PN_20_0001,20,kaggle_or_raw,data2/data/raw/twenty_old/IMG_1666263041757.jpg
SRC_000954,PN_20_0001,20,kaggle_or_raw,data2/data/raw/twenty_old/IMG_1666263052686.jpg
SRC_000955,PN_20_0001,20,kaggle_or_raw,data2/data/raw/twenty_old/IMG_1666263062748.jpg
SRC_000956,PN_20_0001,20,kaggle_or_raw,data2/data/raw/twenty_old/IMG_1666263073840.jpg
SRC_000957,PN_20_0001,20,kaggle_or_raw,data2/data/raw/twenty_old/IMG_1666263088977.jpg
SRC_000958,PN_20_0001,20,kaggle_or_raw,data2/data/raw/twenty_old/IMG_1666263098561.jpg
SRC_000959,PN_20_0001,20,kaggle_or_raw,data2/data/raw/twenty_old/IMG_1666263110904.jpg
SRC_000960,PN_20_0001,20,kaggle_or_raw,data2/data/raw/twenty_old/IMG_1666263119950.jpg
SRC_000961,PN_20_0002,20,kaggle_or_raw,data2/data/raw/twenty_old/IMG_1666263185309.jpg
SRC_000962,PN_20_0002,20,kaggle_or_raw,data2/data/raw/twenty_old/IMG_1666263205619.jpg
SRC_000963,PN_20_0002,20,kaggle_or_raw,data2/data/raw/twenty_old/IMG_1666263210410.jpg
SRC_000964,PN_20_0002,20,kaggle_or_raw,data2/data/raw/twenty_old/IMG_1666263228305.jpg
SRC_000965,PN_20_0003,20,kaggle_or_raw,data2/data/raw/twenty_old/IMG_1666263331652.jpg
SRC_000966,PN_20_0003,20,kaggle_or_raw,data2/data/raw/twenty_old/IMG_1666263375251.jpg
SRC_000967,PN_20_0003,20,kaggle_or_raw,data2/data/raw/twenty_old/IMG_1666263384147.jpg
SRC_000968,PN_20_0003,20,kaggle_or_raw,data2/data/raw/twenty_old/IMG_1666263409955.jpg
SRC_000969,PN_20_0003,20,kaggle_or_raw,data2/data/raw/twenty_old/IMG_1666263434534.jpg
SRC_000970,PN_20_0007,20,kaggle_or_raw,data2/data/raw/twenty_old/IMG_1666265400588.jpg
SRC_000971,PN_20_0007,20,kaggle_or_raw,data2/data/raw/twenty_old/IMG_1666265411395.jpg
SRC_000972,PN_20_0007,20,kaggle_or_raw,data2/data/raw/twenty_old/IMG_1666265422827.jpg
SRC_000973,PN_20_0007,20,kaggle_or_raw,data2/data/raw/twenty_old/IMG_1666265431024.jpg
SRC_000974,PN_20_0007,20,kaggle_or_raw,data2/data/raw/twenty_old/IMG_1666265445997.jpg
SRC_000975,PN_20_0007,20,kaggle_or_raw,data2/data/raw/twenty_old/IMG_1666265462771.jpg
SRC_000976,PN_20_0007,20,kaggle_or_raw,data2/data/raw/twenty_old/IMG_1666265481183.jpg
SRC_000977,PN_20_0007,20,kaggle_or_raw,data2/data/raw/twenty_old/IMG_1666265519818.jpg
SRC_000978,PN_20_0007,20,kaggle_or_raw,data2/data/raw/twenty_old/IMG_1666265544755.jpg
SRC_000979,PN_20_0007,20,kaggle_or_raw,data2/data/raw/twenty_old/IMG_1666265567517.jpg
SRC_000980,PN_20_0007,20,kaggle_or_raw,data2/data/raw/twenty_old/IMG_1666265579010.jpg
SRC_000981,PN_20_0007,20,kaggle_or_raw,data2/data/raw/twenty_old/IMG_1666265588880.jpg
SRC_000982,PN_20_0007,20,kaggle_or_raw,data2/data/raw/twenty_old/IMG_1666265610863.jpg
SRC_000983,PN_20_0007,20,kaggle_or_raw,data2/data/raw/twenty_old/IMG_1666265626727.jpg
SRC_000984,PN_20_0007,20,kaggle_or_raw,data2/data/raw/twenty_old/IMG_1666265685741.jpg
SRC_000985,PN_20_0007,20,kaggle_or_raw,data2/data/raw/twenty_old/IMG_1666265696777.jpg
SRC_000986,PN_20_0007,20,kaggle_or_raw,data2/data/raw/twenty_old/IMG_1666265705234.jpg
SRC_000987,PN_20_0008,20,kaggle_or_raw,data2/data/raw/twenty_old/IMG_1666265840916.jpg
SRC_000988,PN_20_0008,20,kaggle_or_raw,data2/data/raw/twenty_old/IMG_1666265850677.jpg
SRC_000989,PN_20_0008,20,kaggle_or_raw,data2/data/raw/twenty_old/IMG_1666265902862.jpg
SRC_000990,PN_20_0008,20,kaggle_or_raw,data2/data/raw/twenty_old/IMG_1666265923954.jpg
SRC_000991,PN_20_0008,20,kaggle_or_raw,data2/data/raw/twenty_old/IMG_1666265979681.jpg
SRC_000992,PN_20_0008,20,kaggle_or_raw,data2/data/raw/twenty_old/IMG_1666265995692.jpg
SRC_000993,PN_20_0008,20,kaggle_or_raw,data2/data/raw/twenty_old/IMG_1666266051022.jpg
SRC_000994,PN_20_0008,20,kaggle_or_raw,data2/data/raw/twenty_old/IMG_1666266061952.jpg
SRC_000995,PN_20_0008,20,kaggle_or_raw,data2/data/raw/twenty_old/IMG_1666266068651.jpg
SRC_000996,PN_20_0009,20,kaggle_or_raw,data2/data/raw/twenty_old/IMG_1667839270491.jpg
SRC_000997,PN_20_0009,20,kaggle_or_raw,data2/data/raw/twenty_old/IMG_1667839291326.jpg
SRC_000998,PN_20_0009,20,kaggle_or_raw,data2/data/raw/twenty_old/IMG_1667839307305.jpg
SRC_000999,PN_20_0009,20,kaggle_or_raw,data2/data/raw/twenty_old/IMG_1667839311920.jpg
SRC_001000,PN_20_0009,20,kaggle_or_raw,data2/data/raw/twenty_old/IMG_1667839326943.jpg
SRC_001001,PN_20_0009,20,kaggle_or_raw,data2/data/raw/twenty_old/IMG_1667839344095.jpg
SRC_001002,PN_20_0009,20,kaggle_or_raw,data2/data/raw/twenty_old/IMG_1667839349893.jpg
SRC_001003,PN_20_0009,20,kaggle_or_raw,data2/data/raw/twenty_old/IMG_1667839356342.jpg
SRC_001004,PN_20_0009,20,kaggle_or_raw,data2/data/raw/twenty_old/IMG_1667839366483.jpg
SRC_001005,PN_20_0009,20,kaggle_or_raw,data2/data/raw/twenty_old/IMG_1667839370641.jpg
SRC_001006,PN_20_0009,20,kaggle_or_raw,data2/data/raw/twenty_old/IMG_1667839376732.jpg
SRC_001007,PN_20_0009,20,kaggle_or_raw,data2/data/raw/twenty_old/IMG_1667839381689.jpg
SRC_001008,PN_20_0009,20,kaggle_or_raw,data2/data/raw/twenty_old/IMG_1667839386470.jpg
SRC_001009,PN_20_0009,20,kaggle_or_raw,data2/data/raw/twenty_old/IMG_1667839390700.jpg
SRC_001010,PN_20_0009,20,kaggle_or_raw,data2/data/raw/twenty_old/IMG_1667839394468.jpg
SRC_001011,PN_20_0009,20,kaggle_or_raw,data2/data/raw/twenty_old/IMG_1667839397787.jpg
SRC_001012,PN_20_0009,20,kaggle_or_raw,data2/data/raw/twenty_old/IMG_1667839405248.jpg
SRC_001013,PN_20_0009,20,kaggle_or_raw,data2/data/raw/twenty_old/IMG_1667839409412.jpg
SRC_001014,PN_20_0009,20,kaggle_or_raw,data2/data/raw/twenty_old/IMG_1667839414962.jpg
SRC_001015,PN_20_0009,20,kaggle_or_raw,data2/data/raw/twenty_old/IMG_1667839419389.jpg
SRC_001016,PN_20_0009,20,kaggle_or_raw,data2/data/raw/twenty_old/IMG_1667839424223.jpg
SRC_001017,PN_20_0009,20,kaggle_or_raw,data2/data/raw/twenty_old/IMG_1667839428511.jpg
SRC_001018,PN_20_0009,20,kaggle_or_raw,data2/data/raw/twenty_old/IMG_1667839432190.jpg
SRC_001019,PN_20_0009,20,kaggle_or_raw,data2/data/raw/twenty_old/IMG_1667839436604.jpg
SRC_001020,PN_20_0009,20,kaggle_or_raw,data2/data/raw/twenty_old/IMG_1667839445309.jpg
SRC_001021,PN_20_0009,20,kaggle_or_raw,data2/data/raw/twenty_old/IMG_1667839449442.jpg
SRC_001022,PN_20_0009,20,kaggle_or_raw,data2/data/raw/twenty_old/IMG_1667839453845.jpg
SRC_001023,PN_20_0009,20,kaggle_or_raw,data2/data/raw/twenty_old/IMG_1667839458909.jpg
SRC_001024,PN_20_0009,20,kaggle_or_raw,data2/data/raw/twenty_old/IMG_1667839463871.jpg
SRC_001025,PN_20_0009,20,kaggle_or_raw,data2/data/raw/twenty_old/IMG_1667839469470.jpg
SRC_001026,PN_20_0009,20,kaggle_or_raw,data2/data/raw/twenty_old/IMG_1667839473229.jpg
SRC_001027,PN_20_0009,20,kaggle_or_raw,data2/data/raw/twenty_old/IMG_1667839480919.jpg
SRC_001028,PN_20_0009,20,kaggle_or_raw,data2/data/raw/twenty_old/IMG_1667839494857.jpg
SRC_001029,PN_20_0009,20,kaggle_or_raw,data2/data/raw/twenty_old/IMG_1667839500018.jpg
SRC_001030,PN_20_0009,20,kaggle_or_raw,data2/data/raw/twenty_old/IMG_1667839506951.jpg
SRC_001031,PN_20_0009,20,kaggle_or_raw,data2/data/raw/twenty_old/IMG_1667839512806.jpg
SRC_001032,PN_20_0009,20,kaggle_or_raw,data2/data/raw/twenty_old/IMG_1667839518136.jpg
SRC_001033,PN_20_0009,20,kaggle_or_raw,data2/data/raw/twenty_old/IMG_1667839523860.jpg
SRC_001034,PN_20_0009,20,kaggle_or_raw,data2/data/raw/twenty_old/IMG_1667839529393.jpg
SRC_001035,PN_20_0009,20,kaggle_or_raw,data2/data/raw/twenty_old/IMG_1667839535128.jpg
SRC_001036,PN_20_0009,20,kaggle_or_raw,data2/data/raw/twenty_old/IMG_1667839539632.jpg
SRC_001037,PN_20_0009,20,kaggle_or_raw,data2/data/raw/twenty_old/IMG_1667839545399.jpg
SRC_001038,PN_20_0009,20,kaggle_or_raw,data2/data/raw/twenty_old/IMG_1667839551373.jpg
SRC_001039,PN_20_0009,20,kaggle_or_raw,data2/data/raw/twenty_old/IMG_1667839557737.jpg
SRC_001040,PN_20_0009,20,kaggle_or_raw,data2/data/raw/twenty_old/IMG_1667839562765.jpg
SRC_001041,PN_20_0009,20,kaggle_or_raw,data2/data/raw/twenty_old/IMG_1667839568295.jpg
SRC_001042,PN_20_0009,20,kaggle_or_raw,data2/data/raw/twenty_old/IMG_1667839573285.jpg
SRC_001043,PN_20_0009,20,kaggle_or_raw,data2/data/raw/twenty_old/IMG_1667839580523.jpg
SRC_001044,PN_20_0009,20,kaggle_or_raw,data2/data/raw/twenty_old/IMG_1667839589165.jpg
SRC_001045,PN_20_0009,20,kaggle_or_raw,data2/data/raw/twenty_old/IMG_1667839592564.jpg
SRC_001046,PN_20_0009,20,kaggle_or_raw,data2/data/raw/twenty_old/IMG_1667839600375.jpg
SRC_001047,PN_20_0009,20,kaggle_or_raw,data2/data/raw/twenty_old/IMG_1667839604397.jpg
SRC_001048,PN_20_0009,20,kaggle_or_raw,data2/data/raw/twenty_old/IMG_1667839608032.jpg
SRC_001049,PN_20_0009,20,kaggle_or_raw,data2/data/raw/twenty_old/IMG_1667839612896.jpg
SRC_001050,PN_20_0009,20,kaggle_or_raw,data2/data/raw/twenty_old/IMG_1667839616689.jpg
SRC_001051,PN_20_0009,20,kaggle_or_raw,data2/data/raw/twenty_old/IMG_1667839620972.jpg
SRC_001052,PN_20_0009,20,kaggle_or_raw,data2/data/raw/twenty_old/IMG_1667839630500.jpg
SRC_001053,PN_20_0009,20,kaggle_or_raw,data2/data/raw/twenty_old/IMG_1667839635745.jpg
SRC_001054,PN_20_0009,20,kaggle_or_raw,data2/data/raw/twenty_old/IMG_1667839642212.jpg
SRC_001055,PN_20_0009,20,kaggle_or_raw,data2/data/raw/twenty_old/IMG_1667839648830.jpg
SRC_001056,PN_20_0009,20,kaggle_or_raw,data2/data/raw/twenty_old/IMG_1667839654174.jpg
SRC_001057,PN_20_0009,20,kaggle_or_raw,data2/data/raw/twenty_old/IMG_1667839659733.jpg
SRC_001058,PN_20_0009,20,kaggle_or_raw,data2/data/raw/twenty_old/IMG_1667839666891.jpg
SRC_001059,PN_20_0009,20,kaggle_or_raw,data2/data/raw/twenty_old/IMG_1667839672918.jpg
SRC_001060,PN_20_0009,20,kaggle_or_raw,data2/data/raw/twenty_old/IMG_1667839684353.jpg
SRC_001061,PN_20_0009,20,kaggle_or_raw,data2/data/raw/twenty_old/IMG_1667839690448.jpg
SRC_001062,PN_20_0009,20,kaggle_or_raw,data2/data/raw/twenty_old/IMG_1667839697165.jpg
SRC_001063,PN_20_0009,20,kaggle_or_raw,data2/data/raw/twenty_old/IMG_1667839702915.jpg
SRC_001064,PN_20_0009,20,kaggle_or_raw,data2/data/raw/twenty_old/IMG_1667839713098.jpg
SRC_001065,PN_20_0009,20,kaggle_or_raw,data2/data/raw/twenty_old/IMG_1667839718632.jpg
SRC_001066,PN_20_0009,20,kaggle_or_raw,data2/data/raw/twenty_old/IMG_1667839721907.jpg
SRC_001067,PN_20_0009,20,kaggle_or_raw,data2/data/raw/twenty_old/IMG_1667839727022.jpg
SRC_001068,PN_20_0009,20,kaggle_or_raw,data2/data/raw/twenty_old/IMG_1667839734538.jpg
SRC_001069,PN_20_0009,20,kaggle_or_raw,data2/data/raw/twenty_old/IMG_1667839738968.jpg
SRC_001070,PN_20_0009,20,kaggle_or_raw,data2/data/raw/twenty_old/IMG_1667839743053.jpg
SRC_001071,PN_20_0009,20,kaggle_or_raw,data2/data/raw/twenty_old/IMG_1667839747852.jpg
SRC_001072,PN_20_0009,20,kaggle_or_raw,data2/data/raw/twenty_old/IMG_1667839752388.jpg
SRC_001073,PN_20_0009,20,kaggle_or_raw,data2/data/raw/twenty_old/IMG_1667839757006.jpg
SRC_001074,PN_20_0009,20,kaggle_or_raw,data2/data/raw/twenty_old/IMG_1667839761986.jpg
SRC_001075,PN_20_0009,20,kaggle_or_raw,data2/data/raw/twenty_old/IMG_1667839766114.jpg
SRC_001076,PN_20_0009,20,kaggle_or_raw,data2/data/raw/twenty_old/IMG_1667839769884.jpg
SRC_001077,PN_20_0009,20,kaggle_or_raw,data2/data/raw/twenty_old/IMG_1667839773891.jpg
SRC_001078,PN_20_0009,20,kaggle_or_raw,data2/data/raw/twenty_old/IMG_1667839777353.jpg
SRC_001079,PN_20_0009,20,kaggle_or_raw,data2/data/raw/twenty_old/IMG_1667839781421.jpg
SRC_001080,PN_20_0010,20,kaggle_or_raw,data2/data/raw/twenty_old/IMG_1667841560429.jpg
SRC_001081,PN_20_0010,20,kaggle_or_raw,data2/data/raw/twenty_old/IMG_1667841565044.jpg
SRC_001082,PN_20_0010,20,kaggle_or_raw,data2/data/raw/twenty_old/IMG_1667841571328.jpg
SRC_001083,PN_20_0010,20,kaggle_or_raw,data2/data/raw/twenty_old/IMG_1667841575584.jpg
SRC_001084,PN_20_0010,20,kaggle_or_raw,data2/data/raw/twenty_old/IMG_1667841579360.jpg
SRC_001085,PN_20_0010,20,kaggle_or_raw,data2/data/raw/twenty_old/IMG_1667841583451.jpg
SRC_001086,PN_20_0010,20,kaggle_or_raw,data2/data/raw/twenty_old/IMG_1667841589362.jpg
SRC_001087,PN_20_0010,20,kaggle_or_raw,data2/data/raw/twenty_old/IMG_1667841593471.jpg
SRC_001088,PN_20_0010,20,kaggle_or_raw,data2/data/raw/twenty_old/IMG_1667841623177.jpg
SRC_001089,PN_20_0010,20,kaggle_or_raw,data2/data/raw/twenty_old/IMG_1667841627816.jpg
SRC_001090,PN_20_0010,20,kaggle_or_raw,data2/data/raw/twenty_old/IMG_1667841632729.jpg
SRC_001091,PN_20_0010,20,kaggle_or_raw,data2/data/raw/twenty_old/IMG_1667841638020.jpg
SRC_001092,PN_20_0010,20,kaggle_or_raw,data2/data/raw/twenty_old/IMG_1667841641686.jpg
SRC_001093,PN_20_0010,20,kaggle_or_raw,data2/data/raw/twenty_old/IMG_1667841649078.jpg
SRC_001094,PN_20_0010,20,kaggle_or_raw,data2/data/raw/twenty_old/IMG_1667841652963.jpg
SRC_001095,PN_20_0010,20,kaggle_or_raw,data2/data/raw/twenty_old/IMG_1667841661297.jpg
SRC_001096,PN_20_0010,20,kaggle_or_raw,data2/data/raw/twenty_old/IMG_1667841664527.jpg
SRC_001097,PN_20_0011,20,kaggle_or_raw,data2/data/raw/twenty_old/IMG_1667841731781.jpg
SRC_001098,PN_20_0011,20,kaggle_or_raw,data2/data/raw/twenty_old/IMG_1667841736565.jpg
SRC_001099,PN_20_0011,20,kaggle_or_raw,data2/data/raw/twenty_old/IMG_1667841740985.jpg
SRC_001100,PN_20_0011,20,kaggle_or_raw,data2/data/raw/twenty_old/IMG_1667841746492.jpg
SRC_001101,PN_20_0011,20,kaggle_or_raw,data2/data/raw/twenty_old/IMG_1667841752336.jpg
SRC_001102,PN_20_0011,20,kaggle_or_raw,data2/data/raw/twenty_old/IMG_1667841756271.jpg
SRC_001103,PN_20_0011,20,kaggle_or_raw,data2/data/raw/twenty_old/IMG_1667841760667.jpg
SRC_001104,PN_20_0011,20,kaggle_or_raw,data2/data/raw/twenty_old/IMG_1667841764016.jpg
SRC_001105,PN_20_0011,20,kaggle_or_raw,data2/data/raw/twenty_old/IMG_1667841768448.jpg
SRC_001106,PN_20_0011,20,kaggle_or_raw,data2/data/raw/twenty_old/IMG_1667841772378.jpg
SRC_001107,PN_20_0011,20,kaggle_or_raw,data2/data/raw/twenty_old/IMG_1667841779345.jpg
SRC_001108,PN_20_0011,20,kaggle_or_raw,data2/data/raw/twenty_old/IMG_1667841783360.jpg
SRC_001109,PN_20_0011,20,kaggle_or_raw,data2/data/raw/twenty_old/IMG_1667841787745.jpg
SRC_001110,PN_20_0011,20,kaggle_or_raw,data2/data/raw/twenty_old/IMG_1667841792606.jpg
SRC_001111,PN_20_0011,20,kaggle_or_raw,data2/data/raw/twenty_old/IMG_1667841809087.jpg
SRC_001112,PN_20_0011,20,kaggle_or_raw,data2/data/raw/twenty_old/IMG_1667841813131.jpg
SRC_001113,PN_20_0011,20,kaggle_or_raw,data2/data/raw/twenty_old/IMG_1667841818083.jpg
SRC_001114,PN_20_0011,20,kaggle_or_raw,data2/data/raw/twenty_old/IMG_1667841822182.jpg
SRC_001115,PN_20_0011,20,kaggle_or_raw,data2/data/raw/twenty_old/IMG_1667841826482.jpg
SRC_001116,PN_20_0011,20,kaggle_or_raw,data2/data/raw/twenty_old/IMG_1667841830318.jpg
SRC_001117,PN_20_0011,20,kaggle_or_raw,data2/data/raw/twenty_old/IMG_1667841834291.jpg
SRC_001118,PN_20_0011,20,kaggle_or_raw,data2/data/raw/twenty_old/IMG_1667841838447.jpg
SRC_001119,PN_20_0011,20,kaggle_or_raw,data2/data/raw/twenty_old/IMG_1667841843465.jpg
SRC_001120,PN_20_0011,20,kaggle_or_raw,data2/data/raw/twenty_old/IMG_1667841846898.jpg
SRC_001121,PN_20_0011,20,kaggle_or_raw,data2/data/raw/twenty_old/IMG_1667841850411.jpg
SRC_001122,PN_20_0011,20,kaggle_or_raw,data2/data/raw/twenty_old/IMG_1667841854973.jpg
SRC_001123,PN_20_0011,20,kaggle_or_raw,data2/data/raw/twenty_old/IMG_1667841862549.jpg
SRC_001124,PN_20_0011,20,kaggle_or_raw,data2/data/raw/twenty_old/IMG_1667841866558.jpg
SRC_001125,PN_20_0011,20,kaggle_or_raw,data2/data/raw/twenty_old/IMG_1667841871375.jpg
SRC_001126,PN_20_0011,20,kaggle_or_raw,data2/data/raw/twenty_old/IMG_1667841876488.jpg
SRC_001127,PN_20_0012,20,kaggle_or_raw,data2/data/raw/twenty_old/IMG_1667842393054.jpg
SRC_001128,PN_20_0012,20,kaggle_or_raw,data2/data/raw/twenty_old/IMG_1667842397055.jpg
SRC_001129,PN_20_0012,20,kaggle_or_raw,data2/data/raw/twenty_old/IMG_1667842401360.jpg
SRC_001130,PN_20_0012,20,kaggle_or_raw,data2/data/raw/twenty_old/IMG_1667842405738.jpg
SRC_001131,PN_20_0012,20,kaggle_or_raw,data2/data/raw/twenty_old/IMG_1667842409694.jpg
SRC_001132,PN_20_0012,20,kaggle_or_raw,data2/data/raw/twenty_old/IMG_1667842414309.jpg
SRC_001133,PN_20_0012,20,kaggle_or_raw,data2/data/raw/twenty_old/IMG_1667842431435.jpg
SRC_001134,PN_20_0012,20,kaggle_or_raw,data2/data/raw/twenty_old/IMG_1667842438274.jpg
SRC_001135,PN_20_0012,20,kaggle_or_raw,data2/data/raw/twenty_old/IMG_1667842448548.jpg
SRC_001136,PN_20_0012,20,kaggle_or_raw,data2/data/raw/twenty_old/IMG_1667842462787.jpg
SRC_001137,PN_20_0012,20,kaggle_or_raw,data2/data/raw/twenty_old/IMG_1667842469093.jpg
SRC_001138,PN_20_0012,20,kaggle_or_raw,data2/data/raw/twenty_old/IMG_1667842473237.jpg
SRC_001139,PN_20_0012,20,kaggle_or_raw,data2/data/raw/twenty_old/IMG_1667842480084.jpg
SRC_001140,PN_20_0012,20,kaggle_or_raw,data2/data/raw/twenty_old/IMG_1667842484065.jpg
SRC_001141,PN_20_0012,20,kaggle_or_raw,data2/data/raw/twenty_old/IMG_1667842488939.jpg
SRC_001142,PN_20_0012,20,kaggle_or_raw,data2/data/raw/twenty_old/IMG_1667842497256.jpg
SRC_001143,PN_20_0012,20,kaggle_or_raw,data2/data/raw/twenty_old/IMG_1667842501581.jpg
SRC_001144,PN_20_0012,20,kaggle_or_raw,data2/data/raw/twenty_old/IMG_1667842505351.jpg
SRC_001145,PN_20_0012,20,kaggle_or_raw,data2/data/raw/twenty_old/IMG_1667842511544.jpg
SRC_001146,PN_20_0012,20,kaggle_or_raw,data2/data/raw/twenty_old/IMG_1667842516519.jpg
SRC_001147,PN_20_0012,20,kaggle_or_raw,data2/data/raw/twenty_old/IMG_1667842531329.jpg
SRC_001148,PN_20_0012,20,kaggle_or_raw,data2/data/raw/twenty_old/IMG_1667842535037.jpg
SRC_001149,PN_20_0012,20,kaggle_or_raw,data2/data/raw/twenty_old/IMG_1667842546794.jpg
SRC_001150,PN_20_0012,20,kaggle_or_raw,data2/data/raw/twenty_old/IMG_1667842551094.jpg
SRC_001151,PN_20_0012,20,kaggle_or_raw,data2/data/raw/twenty_old/IMG_1667842561558.jpg
SRC_001152,PN_20_0012,20,kaggle_or_raw,data2/data/raw/twenty_old/IMG_1667842566823.jpg
SRC_001153,PN_20_0012,20,kaggle_or_raw,data2/data/raw/twenty_old/IMG_1667842607405.jpg
SRC_001154,PN_20_0012,20,kaggle_or_raw,data2/data/raw/twenty_old/IMG_1667842611579.jpg
SRC_001155,PN_20_0012,20,kaggle_or_raw,data2/data/raw/twenty_old/IMG_1667842615431.jpg
SRC_001156,PN_20_0012,20,kaggle_or_raw,data2/data/raw/twenty_old/IMG_1667842621174.jpg
SRC_001157,PN_20_0012,20,kaggle_or_raw,data2/data/raw/twenty_old/IMG_1667842626556.jpg
SRC_001158,PN_20_0012,20,kaggle_or_raw,data2/data/raw/twenty_old/IMG_1667842631461.jpg
SRC_001159,PN_20_0012,20,kaggle_or_raw,data2/data/raw/twenty_old/IMG_1667842635281.jpg
SRC_001160,PN_20_0012,20,kaggle_or_raw,data2/data/raw/twenty_old/IMG_1667842640411.jpg
SRC_001161,PN_20_0012,20,kaggle_or_raw,data2/data/raw/twenty_old/IMG_1667842644287.jpg
SRC_001162,PN_20_0012,20,kaggle_or_raw,data2/data/raw/twenty_old/IMG_1667842650381.jpg
SRC_001163,PN_20_0012,20,kaggle_or_raw,data2/data/raw/twenty_old/IMG_1667842653832.jpg
SRC_001164,PN_20_0012,20,kaggle_or_raw,data2/data/raw/twenty_old/IMG_1667842657712.jpg
SRC_001165,PN_20_0012,20,kaggle_or_raw,data2/data/raw/twenty_old/IMG_1667842662882.jpg
SRC_001166,PN_20_0012,20,kaggle_or_raw,data2/data/raw/twenty_old/IMG_1667842666787.jpg
SRC_001167,PN_20_0012,20,kaggle_or_raw,data2/data/raw/twenty_old/IMG_1667842671595.jpg
SRC_001168,PN_20_0012,20,kaggle_or_raw,data2/data/raw/twenty_old/IMG_1667842676029.jpg
SRC_001169,PN_20_0012,20,kaggle_or_raw,data2/data/raw/twenty_old/IMG_1667842680555.jpg
SRC_001170,PN_20_0012,20,kaggle_or_raw,data2/data/raw/twenty_old/IMG_1667842685133.jpg
SRC_001171,PN_20_0012,20,kaggle_or_raw,data2/data/raw/twenty_old/IMG_1667842694224.jpg
SRC_001172,PN_20_0012,20,kaggle_or_raw,data2/data/raw/twenty_old/IMG_1667842698788.jpg
SRC_001173,PN_20_0012,20,kaggle_or_raw,data2/data/raw/twenty_old/IMG_1667842732238.jpg
SRC_001174,PN_20_0012,20,kaggle_or_raw,data2/data/raw/twenty_old/IMG_1667842736754.jpg
SRC_001175,PN_20_0012,20,kaggle_or_raw,data2/data/raw/twenty_old/IMG_1667842741424.jpg
SRC_001176,PN_20_0012,20,kaggle_or_raw,data2/data/raw/twenty_old/IMG_1667842745437.jpg
SRC_001177,PN_20_0012,20,kaggle_or_raw,data2/data/raw/twenty_old/IMG_1667842749873.jpg
SRC_001178,PN_20_0012,20,kaggle_or_raw,data2/data/raw/twenty_old/IMG_1667842754326.jpg
SRC_001179,PN_20_0012,20,kaggle_or_raw,data2/data/raw/twenty_old/IMG_1667842761690.jpg
SRC_001180,PN_20_0012,20,kaggle_or_raw,data2/data/raw/twenty_old/IMG_1667842766863.jpg
SRC_001181,PN_20_0012,20,kaggle_or_raw,data2/data/raw/twenty_old/IMG_1667842772345.jpg
SRC_001182,PN_20_0012,20,kaggle_or_raw,data2/data/raw/twenty_old/IMG_1667842776716.jpg
SRC_001183,PN_20_0012,20,kaggle_or_raw,data2/data/raw/twenty_old/IMG_1667842782064.jpg
SRC_001184,PN_20_0012,20,kaggle_or_raw,data2/data/raw/twenty_old/IMG_1667842786543.jpg
SRC_001185,PN_20_0012,20,kaggle_or_raw,data2/data/raw/twenty_old/IMG_1667842790925.jpg
SRC_001186,PN_20_0012,20,kaggle_or_raw,data2/data/raw/twenty_old/IMG_1667842795357.jpg
SRC_001187,PN_20_0012,20,kaggle_or_raw,data2/data/raw/twenty_old/IMG_1667842798766.jpg
SRC_001188,PN_20_0012,20,kaggle_or_raw,data2/data/raw/twenty_old/IMG_1667842802811.jpg
SRC_001189,PN_20_0012,20,kaggle_or_raw,data2/data/raw/twenty_old/IMG_1667842808350.jpg
SRC_001190,PN_20_0012,20,kaggle_or_raw,data2/data/raw/twenty_old/IMG_1667842812647.jpg
SRC_001191,PN_20_0012,20,kaggle_or_raw,data2/data/raw/twenty_old/IMG_1667842818272.jpg
SRC_001192,PN_20_0012,20,kaggle_or_raw,data2/data/raw/twenty_old/IMG_1667842822342.jpg
SRC_001193,PN_20_0012,20,kaggle_or_raw,data2/data/raw/twenty_old/IMG_1667842827060.jpg
SRC_001194,PN_20_0012,20,kaggle_or_raw,data2/data/raw/twenty_old/IMG_1667842837106.jpg
SRC_001195,PN_20_0012,20,kaggle_or_raw,data2/data/raw/twenty_old/IMG_1667842840612.jpg
SRC_001196,PN_20_0012,20,kaggle_or_raw,data2/data/raw/twenty_old/IMG_1667842844594.jpg
SRC_001197,PN_50_0002,50,kaggle_or_raw,data2/data/raw/fifty_new/IMG_1666262689009.jpg
SRC_001198,PN_50_0002,50,kaggle_or_raw,data2/data/raw/fifty_new/IMG_1666262695803.jpg
SRC_001199,PN_50_0002,50,kaggle_or_raw,data2/data/raw/fifty_new/IMG_1666262703140.jpg
SRC_001200,PN_50_0002,50,kaggle_or_raw,data2/data/raw/fifty_new/IMG_1666262722913.jpg
SRC_001201,PN_50_0002,50,kaggle_or_raw,data2/data/raw/fifty_new/IMG_1666262736935.jpg
SRC_001202,PN_50_0002,50,kaggle_or_raw,data2/data/raw/fifty_new/IMG_1666262744203.jpg
SRC_001203,PN_50_0002,50,kaggle_or_raw,data2/data/raw/fifty_new/IMG_1666262755277.jpg
SRC_001204,PN_50_0002,50,kaggle_or_raw,data2/data/raw/fifty_new/IMG_1666262770090.jpg
SRC_001205,PN_50_0002,50,kaggle_or_raw,data2/data/raw/fifty_new/IMG_1666262795768.jpg
SRC_001206,PN_50_0002,50,kaggle_or_raw,data2/data/raw/fifty_new/IMG_1666262814583.jpg
SRC_001207,PN_50_0002,50,kaggle_or_raw,data2/data/raw/fifty_new/IMG_1666262835095.jpg
SRC_001208,PN_50_0002,50,kaggle_or_raw,data2/data/raw/fifty_new/IMG_1666262856012.jpg
SRC_001209,PN_50_0002,50,kaggle_or_raw,data2/data/raw/fifty_new/IMG_1666262866015.jpg
SRC_001210,PN_50_0002,50,kaggle_or_raw,data2/data/raw/fifty_new/IMG_1666262884651.jpg
SRC_001211,PN_50_0002,50,kaggle_or_raw,data2/data/raw/fifty_new/IMG_1666262889322.jpg
SRC_001212,PN_50_0002,50,kaggle_or_raw,data2/data/raw/fifty_new/IMG_1666262894673.jpg
SRC_001213,PN_50_0002,50,kaggle_or_raw,data2/data/raw/fifty_new/IMG_1666262915130.jpg
SRC_001214,PN_50_0002,50,kaggle_or_raw,data2/data/raw/fifty_new/IMG_1666262955616.jpg
SRC_001215,PN_50_0002,50,kaggle_or_raw,data2/data/raw/fifty_new/IMG_1666262961222.jpg
SRC_001216,PN_50_0002,50,kaggle_or_raw,data2/data/raw/fifty_new/IMG_1666262978310.jpg
SRC_001217,PN_50_0002,50,kaggle_or_raw,data2/data/raw/fifty_new/IMG_1666262985528.jpg
SRC_001218,PN_50_0002,50,kaggle_or_raw,data2/data/raw/fifty_new/IMG_1666263021052.jpg
SRC_001219,PN_50_0002,50,kaggle_or_raw,data2/data/raw/fifty_new/IMG_1666263027073.jpg
SRC_001220,PN_50_0002,50,kaggle_or_raw,data2/data/raw/fifty_new/IMG_1666263044938.jpg
SRC_001221,PN_50_0002,50,kaggle_or_raw,data2/data/raw/fifty_new/IMG_1666263052730.jpg
SRC_001222,PN_50_0002,50,kaggle_or_raw,data2/data/raw/fifty_new/IMG_1666263077650.jpg
SRC_001223,PN_50_0002,50,kaggle_or_raw,data2/data/raw/fifty_new/IMG_1666263084639.jpg
SRC_001224,PN_50_0002,50,kaggle_or_raw,data2/data/raw/fifty_new/IMG_1666263092682.jpg
SRC_001225,PN_50_0002,50,kaggle_or_raw,data2/data/raw/fifty_new/IMG_1666263096717.jpg
SRC_001226,PN_50_0002,50,kaggle_or_raw,data2/data/raw/fifty_new/IMG_1666263109781.jpg
SRC_001227,PN_50_0002,50,kaggle_or_raw,data2/data/raw/fifty_new/IMG_1666263114412.jpg
SRC_001228,PN_50_0003,50,kaggle_or_raw,data2/data/raw/fifty_new/IMG_1666263182866.jpg
SRC_001229,PN_50_0003,50,kaggle_or_raw,data2/data/raw/fifty_new/IMG_1666263189708.jpg
SRC_001230,PN_50_0003,50,kaggle_or_raw,data2/data/raw/fifty_new/IMG_1666263210216.jpg
SRC_001231,PN_50_0003,50,kaggle_or_raw,data2/data/raw/fifty_new/IMG_1666263214900.jpg
SRC_001232,PN_50_0003,50,kaggle_or_raw,data2/data/raw/fifty_new/IMG_1666263231953.jpg
SRC_001233,PN_50_0003,50,kaggle_or_raw,data2/data/raw/fifty_new/IMG_1666263259711.jpg
SRC_001234,PN_50_0003,50,kaggle_or_raw,data2/data/raw/fifty_new/IMG_1666263267078.jpg
SRC_001235,PN_50_0003,50,kaggle_or_raw,data2/data/raw/fifty_new/IMG_1666263280553.jpg
SRC_001236,PN_50_0003,50,kaggle_or_raw,data2/data/raw/fifty_new/IMG_1666263285845.jpg
SRC_001237,PN_50_0003,50,kaggle_or_raw,data2/data/raw/fifty_new/IMG_1666263310691.jpg
SRC_001238,PN_50_0003,50,kaggle_or_raw,data2/data/raw/fifty_new/IMG_1666263315640.jpg
SRC_001239,PN_50_0003,50,kaggle_or_raw,data2/data/raw/fifty_new/IMG_1666263322058.jpg
SRC_001240,PN_50_0003,50,kaggle_or_raw,data2/data/raw/fifty_new/IMG_1666263328583.jpg
SRC_001241,PN_50_0003,50,kaggle_or_raw,data2/data/raw/fifty_new/IMG_1666263343609.jpg
SRC_001242,PN_50_0004,50,kaggle_or_raw,data2/data/raw/fifty_new/IMG_1666265173407.jpg
SRC_001243,PN_50_0004,50,kaggle_or_raw,data2/data/raw/fifty_new/IMG_1666265221045.jpg
SRC_001244,PN_50_0004,50,kaggle_or_raw,data2/data/raw/fifty_new/IMG_1666265251491.jpg
SRC_001245,PN_50_0004,50,kaggle_or_raw,data2/data/raw/fifty_new/IMG_1666265257844.jpg
SRC_001246,PN_50_0004,50,kaggle_or_raw,data2/data/raw/fifty_new/IMG_1666265292121.jpg
SRC_001247,PN_50_0004,50,kaggle_or_raw,data2/data/raw/fifty_new/IMG_1666265296761.jpg
SRC_001248,PN_50_0004,50,kaggle_or_raw,data2/data/raw/fifty_new/IMG_1666265301384.jpg
SRC_001249,PN_50_0004,50,kaggle_or_raw,data2/data/raw/fifty_new/IMG_1666265314657.jpg
SRC_001250,PN_50_0004,50,kaggle_or_raw,data2/data/raw/fifty_new/IMG_1666265323782.jpg
SRC_001251,PN_50_0004,50,kaggle_or_raw,data2/data/raw/fifty_new/IMG_1666265329001.jpg
SRC_001252,PN_50_0004,50,kaggle_or_raw,data2/data/raw/fifty_new/IMG_1666265342999.jpg
SRC_001253,PN_50_0004,50,kaggle_or_raw,data2/data/raw/fifty_new/IMG_1666265348595.jpg
SRC_001254,PN_50_0004,50,kaggle_or_raw,data2/data/raw/fifty_new/IMG_1666265375244.jpg
SRC_001255,PN_50_0004,50,kaggle_or_raw,data2/data/raw/fifty_new/IMG_1666265394208.jpg
SRC_001256,PN_50_0004,50,kaggle_or_raw,data2/data/raw/fifty_new/IMG_1666265408473.jpg
SRC_001257,PN_50_0004,50,kaggle_or_raw,data2/data/raw/fifty_new/IMG_1666265418326.jpg
SRC_001258,PN_50_0004,50,kaggle_or_raw,data2/data/raw/fifty_new/IMG_1666265426645.jpg
SRC_001259,PN_50_0004,50,kaggle_or_raw,data2/data/raw/fifty_new/IMG_1666265432869.jpg
SRC_001260,PN_50_0004,50,kaggle_or_raw,data2/data/raw/fifty_new/IMG_1666265450121.jpg
SRC_001261,PN_50_0004,50,kaggle_or_raw,data2/data/raw/fifty_new/IMG_1666265455936.jpg
SRC_001262,PN_50_0004,50,kaggle_or_raw,data2/data/raw/fifty_new/IMG_1666265483371.jpg
SRC_001263,PN_50_0004,50,kaggle_or_raw,data2/data/raw/fifty_new/IMG_1666265492894.jpg
SRC_001264,PN_50_0004,50,kaggle_or_raw,data2/data/raw/fifty_new/IMG_1666265535464.jpg
SRC_001265,PN_50_0004,50,kaggle_or_raw,data2/data/raw/fifty_new/IMG_1666265545022.jpg
SRC_001266,PN_50_0004,50,kaggle_or_raw,data2/data/raw/fifty_new/IMG_1666265566925.jpg
SRC_001267,PN_50_0004,50,kaggle_or_raw,data2/data/raw/fifty_new/IMG_1666265583694.jpg
SRC_001268,PN_50_0004,50,kaggle_or_raw,data2/data/raw/fifty_new/IMG_1666265593164.jpg
SRC_001269,PN_50_0004,50,kaggle_or_raw,data2/data/raw/fifty_new/IMG_1666265602796.jpg
SRC_001270,PN_50_0006,50,kaggle_or_raw,data2/data/raw/fifty_new/IMG_1667847223678.jpg
SRC_001271,PN_50_0006,50,kaggle_or_raw,data2/data/raw/fifty_new/IMG_1667847228527.jpg
SRC_001272,PN_50_0006,50,kaggle_or_raw,data2/data/raw/fifty_new/IMG_1667847239100.jpg
SRC_001273,PN_50_0006,50,kaggle_or_raw,data2/data/raw/fifty_new/IMG_1667847245270.jpg
SRC_001274,PN_50_0006,50,kaggle_or_raw,data2/data/raw/fifty_new/IMG_1667847252458.jpg
SRC_001275,PN_50_0006,50,kaggle_or_raw,data2/data/raw/fifty_new/IMG_1667847259047.jpg
SRC_001276,PN_50_0006,50,kaggle_or_raw,data2/data/raw/fifty_new/IMG_1667847262793.jpg
SRC_001277,PN_50_0006,50,kaggle_or_raw,data2/data/raw/fifty_new/IMG_1667847267005.jpg
SRC_001278,PN_50_0006,50,kaggle_or_raw,data2/data/raw/fifty_new/IMG_1667847270989.jpg
SRC_001279,PN_50_0006,50,kaggle_or_raw,data2/data/raw/fifty_new/IMG_1667847274484.jpg
SRC_001280,PN_50_0006,50,kaggle_or_raw,data2/data/raw/fifty_new/IMG_1667847280489.jpg
SRC_001281,PN_50_0006,50,kaggle_or_raw,data2/data/raw/fifty_new/IMG_1667847284034.jpg
SRC_001282,PN_50_0006,50,kaggle_or_raw,data2/data/raw/fifty_new/IMG_1667847290116.jpg
SRC_001283,PN_50_0006,50,kaggle_or_raw,data2/data/raw/fifty_new/IMG_1667847294312.jpg
SRC_001284,PN_50_0006,50,kaggle_or_raw,data2/data/raw/fifty_new/IMG_1667847298034.jpg
SRC_001285,PN_50_0006,50,kaggle_or_raw,data2/data/raw/fifty_new/IMG_1667847302445.jpg
SRC_001286,PN_50_0006,50,kaggle_or_raw,data2/data/raw/fifty_new/IMG_1667847316352.jpg
SRC_001287,PN_50_0006,50,kaggle_or_raw,data2/data/raw/fifty_new/IMG_1667847321937.jpg
SRC_001288,PN_50_0006,50,kaggle_or_raw,data2/data/raw/fifty_new/IMG_1667847326699.jpg
SRC_001289,PN_50_0006,50,kaggle_or_raw,data2/data/raw/fifty_new/IMG_1667847331117.jpg
SRC_001290,PN_50_0006,50,kaggle_or_raw,data2/data/raw/fifty_new/IMG_1667847336442.jpg
SRC_001291,PN_50_0006,50,kaggle_or_raw,data2/data/raw/fifty_new/IMG_1667847340882.jpg
SRC_001292,PN_50_0006,50,kaggle_or_raw,data2/data/raw/fifty_new/IMG_1667847353574.jpg
SRC_001293,PN_50_0006,50,kaggle_or_raw,data2/data/raw/fifty_new/IMG_1667847358110.jpg
SRC_001294,PN_50_0006,50,kaggle_or_raw,data2/data/raw/fifty_new/IMG_1667847382297.jpg
SRC_001295,PN_50_0006,50,kaggle_or_raw,data2/data/raw/fifty_new/IMG_1667847386248.jpg
SRC_001296,PN_50_0006,50,kaggle_or_raw,data2/data/raw/fifty_new/IMG_1667847391571.jpg
SRC_001297,PN_50_0006,50,kaggle_or_raw,data2/data/raw/fifty_new/IMG_1667847395774.jpg
SRC_001298,PN_50_0006,50,kaggle_or_raw,data2/data/raw/fifty_new/IMG_1667847404035.jpg
SRC_001299,PN_50_0006,50,kaggle_or_raw,data2/data/raw/fifty_new/IMG_1667847412680.jpg
SRC_001300,PN_50_0006,50,kaggle_or_raw,data2/data/raw/fifty_new/IMG_1667847418930.jpg
SRC_001301,PN_50_0006,50,kaggle_or_raw,data2/data/raw/fifty_new/IMG_1667847425318.jpg
SRC_001302,PN_50_0006,50,kaggle_or_raw,data2/data/raw/fifty_new/IMG_1667847441210.jpg
SRC_001303,PN_50_0006,50,kaggle_or_raw,data2/data/raw/fifty_new/IMG_1667847445013.jpg
SRC_001304,PN_50_0006,50,kaggle_or_raw,data2/data/raw/fifty_new/IMG_1667847447757.jpg
SRC_001305,PN_50_0006,50,kaggle_or_raw,data2/data/raw/fifty_new/IMG_1667847451017.jpg
SRC_001306,PN_50_0006,50,kaggle_or_raw,data2/data/raw/fifty_new/IMG_1667847455337.jpg
SRC_001307,PN_50_0006,50,kaggle_or_raw,data2/data/raw/fifty_new/IMG_1667847459689.jpg
SRC_001308,PN_50_0006,50,kaggle_or_raw,data2/data/raw/fifty_new/IMG_1667847465257.jpg
SRC_001309,PN_50_0006,50,kaggle_or_raw,data2/data/raw/fifty_new/IMG_1667847469722.jpg
SRC_001310,PN_50_0006,50,kaggle_or_raw,data2/data/raw/fifty_new/IMG_1667847495864.jpg
SRC_001311,PN_50_0006,50,kaggle_or_raw,data2/data/raw/fifty_new/IMG_1667847505161.jpg
SRC_001312,PN_50_0006,50,kaggle_or_raw,data2/data/raw/fifty_new/IMG_1667847510858.jpg
SRC_001313,PN_50_0006,50,kaggle_or_raw,data2/data/raw/fifty_new/IMG_1667847514169.jpg
SRC_001314,PN_50_0006,50,kaggle_or_raw,data2/data/raw/fifty_new/IMG_1667847541865.jpg
SRC_001315,PN_50_0006,50,kaggle_or_raw,data2/data/raw/fifty_new/IMG_1667847557061.jpg
SRC_001316,PN_50_0006,50,kaggle_or_raw,data2/data/raw/fifty_new/IMG_1667847562541.jpg
SRC_001317,PN_50_0006,50,kaggle_or_raw,data2/data/raw/fifty_new/IMG_1667847568012.jpg
SRC_001318,PN_50_0006,50,kaggle_or_raw,data2/data/raw/fifty_new/IMG_1667847571819.jpg
SRC_001319,PN_50_0006,50,kaggle_or_raw,data2/data/raw/fifty_new/IMG_1667847591231.jpg
SRC_001320,PN_50_0006,50,kaggle_or_raw,data2/data/raw/fifty_new/IMG_1667847596133.jpg
SRC_001321,PN_50_0006,50,kaggle_or_raw,data2/data/raw/fifty_new/IMG_1667847599733.jpg
SRC_001322,PN_50_0006,50,kaggle_or_raw,data2/data/raw/fifty_new/IMG_1667847603349.jpg
SRC_001323,PN_50_0006,50,kaggle_or_raw,data2/data/raw/fifty_new/IMG_1667847626652.jpg
SRC_001324,PN_50_0006,50,kaggle_or_raw,data2/data/raw/fifty_new/IMG_1667847631058.jpg
SRC_001325,PN_50_0006,50,kaggle_or_raw,data2/data/raw/fifty_new/IMG_1667847635464.jpg
SRC_001326,PN_50_0006,50,kaggle_or_raw,data2/data/raw/fifty_new/IMG_1667847640319.jpg
SRC_001327,PN_50_0006,50,kaggle_or_raw,data2/data/raw/fifty_new/IMG_1667847670115.jpg
SRC_001328,PN_50_0006,50,kaggle_or_raw,data2/data/raw/fifty_new/IMG_1667847673946.jpg
SRC_001329,PN_50_0006,50,kaggle_or_raw,data2/data/raw/fifty_new/IMG_1667847680195.jpg
SRC_001330,PN_50_0006,50,kaggle_or_raw,data2/data/raw/fifty_new/IMG_1667847687842.jpg
SRC_001331,PN_50_0006,50,kaggle_or_raw,data2/data/raw/fifty_new/IMG_1667847704220.jpg
SRC_001332,PN_50_0006,50,kaggle_or_raw,data2/data/raw/fifty_new/IMG_1667847710117.jpg
SRC_001333,PN_50_0006,50,kaggle_or_raw,data2/data/raw/fifty_new/IMG_1667847760583.jpg
SRC_001334,PN_50_0006,50,kaggle_or_raw,data2/data/raw/fifty_new/IMG_1667847764908.jpg
SRC_001335,PN_50_0006,50,kaggle_or_raw,data2/data/raw/fifty_new/IMG_1667847768992.jpg
SRC_001336,PN_50_0006,50,kaggle_or_raw,data2/data/raw/fifty_new/IMG_1667847773608.jpg
SRC_001337,PN_50_0006,50,kaggle_or_raw,data2/data/raw/fifty_new/IMG_1667847779029.jpg
SRC_001338,PN_50_0006,50,kaggle_or_raw,data2/data/raw/fifty_new/IMG_1667847783324.jpg
SRC_001339,PN_50_0006,50,kaggle_or_raw,data2/data/raw/fifty_new/IMG_1667847790866.jpg
SRC_001340,PN_50_0006,50,kaggle_or_raw,data2/data/raw/fifty_new/IMG_1667847795932.jpg
SRC_001341,PN_50_0006,50,kaggle_or_raw,data2/data/raw/fifty_new/IMG_1667847821755.jpg
SRC_001342,PN_50_0006,50,kaggle_or_raw,data2/data/raw/fifty_new/IMG_1667847826423.jpg
SRC_001343,PN_50_0006,50,kaggle_or_raw,data2/data/raw/fifty_new/IMG_1667847831727.jpg
SRC_001344,PN_50_0006,50,kaggle_or_raw,data2/data/raw/fifty_new/IMG_1667847835940.jpg
SRC_001345,PN_50_0006,50,kaggle_or_raw,data2/data/raw/fifty_new/IMG_1667847841644.jpg
SRC_001346,PN_50_0006,50,kaggle_or_raw,data2/data/raw/fifty_new/IMG_1667847845410.jpg
SRC_001347,PN_50_0006,50,kaggle_or_raw,data2/data/raw/fifty_new/IMG_1667847850503.jpg
SRC_001348,PN_50_0006,50,kaggle_or_raw,data2/data/raw/fifty_new/IMG_1667847855179.jpg
SRC_001349,PN_50_0006,50,kaggle_or_raw,data2/data/raw/fifty_new/IMG_1667847863641.jpg
SRC_001350,PN_50_0006,50,kaggle_or_raw,data2/data/raw/fifty_new/IMG_1667847869656.jpg
SRC_001351,PN_50_0006,50,kaggle_or_raw,data2/data/raw/fifty_new/IMG_1667847878505.jpg
SRC_001352,PN_50_0006,50,kaggle_or_raw,data2/data/raw/fifty_new/IMG_1667847882834.jpg
SRC_001353,PN_50_0006,50,kaggle_or_raw,data2/data/raw/fifty_new/IMG_1667847916117.jpg
SRC_001354,PN_50_0006,50,kaggle_or_raw,data2/data/raw/fifty_new/IMG_1667847962387.jpg
SRC_001355,PN_50_0006,50,kaggle_or_raw,data2/data/raw/fifty_new/IMG_1667847966716.jpg
SRC_001356,PN_50_0006,50,kaggle_or_raw,data2/data/raw/fifty_new/IMG_1667847978929.jpg
SRC_001357,PN_50_0006,50,kaggle_or_raw,data2/data/raw/fifty_new/IMG_1667847982910.jpg
SRC_001358,PN_50_0006,50,kaggle_or_raw,data2/data/raw/fifty_new/IMG_1667847986223.jpg
SRC_001359,PN_50_0006,50,kaggle_or_raw,data2/data/raw/fifty_new/IMG_1667847989743.jpg
SRC_001360,PN_50_0006,50,kaggle_or_raw,data2/data/raw/fifty_new/IMG_1667848000698.jpg
SRC_001361,PN_50_0006,50,kaggle_or_raw,data2/data/raw/fifty_new/IMG_1667848003969.jpg
SRC_001362,PN_50_0006,50,kaggle_or_raw,data2/data/raw/fifty_new/IMG_1667848011639.jpg
SRC_001363,PN_50_0006,50,kaggle_or_raw,data2/data/raw/fifty_new/IMG_1667848015195.jpg
SRC_001364,PN_50_0007,50,kaggle_or_raw,data2/data/raw/fifty_new/IMG_1667848104625.jpg
SRC_001365,PN_50_0007,50,kaggle_or_raw,data2/data/raw/fifty_new/IMG_1667848109756.jpg
SRC_001366,PN_50_0007,50,kaggle_or_raw,data2/data/raw/fifty_new/IMG_1667848115657.jpg
SRC_001367,PN_50_0007,50,kaggle_or_raw,data2/data/raw/fifty_new/IMG_1667848119140.jpg
SRC_001368,PN_50_0007,50,kaggle_or_raw,data2/data/raw/fifty_new/IMG_1667848123460.jpg
SRC_001369,PN_50_0007,50,kaggle_or_raw,data2/data/raw/fifty_new/IMG_1667848128546.jpg
SRC_001370,PN_50_0007,50,kaggle_or_raw,data2/data/raw/fifty_new/IMG_1667848139972.jpg
SRC_001371,PN_50_0007,50,kaggle_or_raw,data2/data/raw/fifty_new/IMG_1667848149526.jpg
SRC_001372,PN_50_0007,50,kaggle_or_raw,data2/data/raw/fifty_new/IMG_1667848174265.jpg
SRC_001373,PN_50_0007,50,kaggle_or_raw,data2/data/raw/fifty_new/IMG_1667848182250.jpg
SRC_001374,PN_50_0007,50,kaggle_or_raw,data2/data/raw/fifty_new/IMG_1667848191394.jpg
SRC_001375,PN_50_0007,50,kaggle_or_raw,data2/data/raw/fifty_new/IMG_1667848194951.jpg
SRC_001376,PN_50_0007,50,kaggle_or_raw,data2/data/raw/fifty_new/IMG_1667848219710.jpg
SRC_001377,PN_50_0007,50,kaggle_or_raw,data2/data/raw/fifty_new/IMG_1667848228497.jpg
SRC_001378,PN_50_0008,50,kaggle_or_raw,data2/data/raw/fifty_new/IMG_1667848304536.jpg
SRC_001379,PN_50_0008,50,kaggle_or_raw,data2/data/raw/fifty_new/IMG_1667848309752.jpg
SRC_001380,PN_50_0008,50,kaggle_or_raw,data2/data/raw/fifty_new/IMG_1667848314440.jpg
SRC_001381,PN_50_0008,50,kaggle_or_raw,data2/data/raw/fifty_new/IMG_1667848319540.jpg
SRC_001382,PN_50_0008,50,kaggle_or_raw,data2/data/raw/fifty_new/IMG_1667848327431.jpg
SRC_001383,PN_50_0008,50,kaggle_or_raw,data2/data/raw/fifty_new/IMG_1667848362077.jpg
SRC_001384,PN_50_0009,50,kaggle_or_raw,data2/data/raw/fifty_new/IMG_1667848424042.jpg
SRC_001385,PN_50_0009,50,kaggle_or_raw,data2/data/raw/fifty_new/IMG_1667848434253.jpg
SRC_001386,PN_50_0009,50,kaggle_or_raw,data2/data/raw/fifty_new/IMG_1667848452119.jpg
SRC_001387,PN_50_0009,50,kaggle_or_raw,data2/data/raw/fifty_new/IMG_1667848456383.jpg
SRC_001388,PN_50_0009,50,kaggle_or_raw,data2/data/raw/fifty_new/IMG_1667848475551.jpg
SRC_001389,PN_50_0009,50,kaggle_or_raw,data2/data/raw/fifty_new/IMG_1667848480089.jpg
SRC_001390,PN_50_0010,50,kaggle_or_raw,data2/data/raw/fifty_new/IMG_1667851877630.jpg
SRC_001391,PN_50_0010,50,kaggle_or_raw,data2/data/raw/fifty_new/IMG_1667851881730.jpg
SRC_001392,PN_50_0010,50,kaggle_or_raw,data2/data/raw/fifty_new/IMG_1667851889246.jpg
SRC_001393,PN_50_0010,50,kaggle_or_raw,data2/data/raw/fifty_new/IMG_1667851893615.jpg
SRC_001394,PN_50_0010,50,kaggle_or_raw,data2/data/raw/fifty_new/IMG_1667851897956.jpg
SRC_001395,PN_50_0010,50,kaggle_or_raw,data2/data/raw/fifty_new/IMG_1667851903720.jpg
SRC_001396,PN_50_0010,50,kaggle_or_raw,data2/data/raw/fifty_new/IMG_1667851907663.jpg
SRC_001397,PN_50_0010,50,kaggle_or_raw,data2/data/raw/fifty_new/IMG_1667851912493.jpg
SRC_001398,PN_50_0010,50,kaggle_or_raw,data2/data/raw/fifty_new/IMG_1667851920812.jpg
SRC_001399,PN_50_0010,50,kaggle_or_raw,data2/data/raw/fifty_new/IMG_1667851924618.jpg
SRC_001400,PN_50_0010,50,kaggle_or_raw,data2/data/raw/fifty_new/IMG_1667851931519.jpg
SRC_001401,PN_50_0010,50,kaggle_or_raw,data2/data/raw/fifty_new/IMG_1667851936898.jpg
SRC_001402,PN_50_0010,50,kaggle_or_raw,data2/data/raw/fifty_new/IMG_1667851958373.jpg
SRC_001403,PN_50_0010,50,kaggle_or_raw,data2/data/raw/fifty_new/IMG_1667851964173.jpg
SRC_001404,PN_50_0010,50,kaggle_or_raw,data2/data/raw/fifty_new/IMG_1667851968221.jpg
SRC_001405,PN_50_0010,50,kaggle_or_raw,data2/data/raw/fifty_new/IMG_1667851971707.jpg
SRC_001406,PN_50_0010,50,kaggle_or_raw,data2/data/raw/fifty_new/IMG_1667851977930.jpg
SRC_001407,PN_50_0010,50,kaggle_or_raw,data2/data/raw/fifty_new/IMG_1667851981351.jpg
SRC_001408,PN_50_0010,50,kaggle_or_raw,data2/data/raw/fifty_new/IMG_1667851987536.jpg
SRC_001409,PN_50_0010,50,kaggle_or_raw,data2/data/raw/fifty_new/IMG_1667851992305.jpg
SRC_001410,PN_50_0010,50,kaggle_or_raw,data2/data/raw/fifty_new/IMG_1667851997371.jpg
SRC_001411,PN_50_0010,50,kaggle_or_raw,data2/data/raw/fifty_new/IMG_1667852000680.jpg
SRC_001412,PN_50_0010,50,kaggle_or_raw,data2/data/raw/fifty_new/IMG_1667852003727.jpg
SRC_001413,PN_50_0010,50,kaggle_or_raw,data2/data/raw/fifty_new/IMG_1667852006176.jpg
SRC_001414,PN_50_0010,50,kaggle_or_raw,data2/data/raw/fifty_new/IMG_1667852010334.jpg
SRC_001415,PN_50_0010,50,kaggle_or_raw,data2/data/raw/fifty_new/IMG_1667852015959.jpg
SRC_001416,PN_50_0010,50,kaggle_or_raw,data2/data/raw/fifty_new/IMG_1667852023512.jpg
SRC_001417,PN_50_0010,50,kaggle_or_raw,data2/data/raw/fifty_new/IMG_1667852035579.jpg
SRC_001418,PN_50_0010,50,kaggle_or_raw,data2/data/raw/fifty_new/IMG_1667852051766.jpg
SRC_001419,PN_50_0010,50,kaggle_or_raw,data2/data/raw/fifty_new/IMG_1667852064221.jpg
SRC_001420,PN_50_0010,50,kaggle_or_raw,data2/data/raw/fifty_new/IMG_1667852071391.jpg
SRC_001421,PN_50_0010,50,kaggle_or_raw,data2/data/raw/fifty_new/IMG_1667852076398.jpg
SRC_001422,PN_50_0010,50,kaggle_or_raw,data2/data/raw/fifty_new/IMG_1667852083427.jpg
SRC_001423,PN_50_0010,50,kaggle_or_raw,data2/data/raw/fifty_new/IMG_1667852099705.jpg
SRC_001424,PN_50_0010,50,kaggle_or_raw,data2/data/raw/fifty_new/IMG_1667852103613.jpg
SRC_001425,PN_50_0010,50,kaggle_or_raw,data2/data/raw/fifty_new/IMG_1667852109070.jpg
SRC_001426,PN_50_0010,50,kaggle_or_raw,data2/data/raw/fifty_new/IMG_1667852114343.jpg
SRC_001427,PN_50_0010,50,kaggle_or_raw,data2/data/raw/fifty_new/IMG_1667852120638.jpg
SRC_001428,PN_50_0010,50,kaggle_or_raw,data2/data/raw/fifty_new/IMG_1667852132593.jpg
SRC_001429,PN_50_0010,50,kaggle_or_raw,data2/data/raw/fifty_new/IMG_1667852139373.jpg
SRC_001430,PN_50_0010,50,kaggle_or_raw,data2/data/raw/fifty_new/IMG_1667852144655.jpg
SRC_001431,PN_50_0010,50,kaggle_or_raw,data2/data/raw/fifty_new/IMG_1667852151253.jpg
SRC_001432,PN_50_0010,50,kaggle_or_raw,data2/data/raw/fifty_new/IMG_1667852156729.jpg
SRC_001433,PN_50_0010,50,kaggle_or_raw,data2/data/raw/fifty_new/IMG_1667852164325.jpg
SRC_001434,PN_50_0010,50,kaggle_or_raw,data2/data/raw/fifty_new/IMG_1667852191898.jpg
SRC_001435,PN_50_0010,50,kaggle_or_raw,data2/data/raw/fifty_new/IMG_1667852196760.jpg
SRC_001436,PN_50_0010,50,kaggle_or_raw,data2/data/raw/fifty_new/IMG_1667852206326.jpg
SRC_001437,PN_50_0010,50,kaggle_or_raw,data2/data/raw/fifty_new/IMG_1667852210450.jpg
SRC_001438,PN_50_0010,50,kaggle_or_raw,data2/data/raw/fifty_new/IMG_1667852215303.jpg
SRC_001439,PN_50_0010,50,kaggle_or_raw,data2/data/raw/fifty_new/IMG_1667852219579.jpg
SRC_001440,PN_50_0010,50,kaggle_or_raw,data2/data/raw/fifty_new/IMG_1667852224948.jpg
SRC_001441,PN_50_0010,50,kaggle_or_raw,data2/data/raw/fifty_new/IMG_1667852228594.jpg
SRC_001442,PN_50_0010,50,kaggle_or_raw,data2/data/raw/fifty_new/IMG_1667852234887.jpg
SRC_001443,PN_50_0010,50,kaggle_or_raw,data2/data/raw/fifty_new/IMG_1667852242769.jpg
SRC_001444,PN_50_0010,50,kaggle_or_raw,data2/data/raw/fifty_new/IMG_1667852264927.jpg
SRC_001445,PN_50_0010,50,kaggle_or_raw,data2/data/raw/fifty_new/IMG_1667852269610.jpg
SRC_001446,PN_50_0010,50,kaggle_or_raw,data2/data/raw/fifty_new/IMG_1667852285254.jpg
SRC_001447,PN_50_0010,50,kaggle_or_raw,data2/data/raw/fifty_new/IMG_1667852290529.jpg
SRC_001448,PN_50_0010,50,kaggle_or_raw,data2/data/raw/fifty_new/IMG_1667852297132.jpg
SRC_001449,PN_50_0010,50,kaggle_or_raw,data2/data/raw/fifty_new/IMG_1667852320863.jpg
SRC_001450,PN_50_0010,50,kaggle_or_raw,data2/data/raw/fifty_new/IMG_1667852326614.jpg
SRC_001451,PN_50_0010,50,kaggle_or_raw,data2/data/raw/fifty_new/IMG_1667852331726.jpg
SRC_001452,PN_50_0010,50,kaggle_or_raw,data2/data/raw/fifty_new/IMG_1667852338001.jpg
SRC_001453,PN_50_0010,50,kaggle_or_raw,data2/data/raw/fifty_new/IMG_1667852343648.jpg
SRC_001454,PN_50_0010,50,kaggle_or_raw,data2/data/raw/fifty_new/IMG_1667852361171.jpg
SRC_001455,PN_50_0010,50,kaggle_or_raw,data2/data/raw/fifty_new/IMG_1667852373931.jpg
SRC_001456,PN_50_0010,50,kaggle_or_raw,data2/data/raw/fifty_new/IMG_1667852380118.jpg
SRC_001457,PN_50_0010,50,kaggle_or_raw,data2/data/raw/fifty_new/IMG_1667852390253.jpg
SRC_001458,PN_50_0010,50,kaggle_or_raw,data2/data/raw/fifty_new/IMG_1667852400923.jpg
SRC_001459,PN_50_0010,50,kaggle_or_raw,data2/data/raw/fifty_new/IMG_1667852408361.jpg
SRC_001460,PN_50_0011,50,kaggle_or_raw,data2/data/raw/fifty_new/IMG_1667852490102.jpg
SRC_001461,PN_50_0011,50,kaggle_or_raw,data2/data/raw/fifty_new/IMG_1667852497948.jpg
SRC_001462,PN_50_0001,50,kaggle_or_raw,data2/data/raw/fifty_old/IMG_1666262244525.jpg
SRC_001463,PN_50_0001,50,kaggle_or_raw,data2/data/raw/fifty_old/IMG_1666262250511.jpg
SRC_001464,PN_50_0001,50,kaggle_or_raw,data2/data/raw/fifty_old/IMG_1666262259755.jpg
SRC_001465,PN_50_0001,50,kaggle_or_raw,data2/data/raw/fifty_old/IMG_1666262265188.jpg
SRC_001466,PN_50_0001,50,kaggle_or_raw,data2/data/raw/fifty_old/IMG_1666262272119.jpg
SRC_001467,PN_50_0001,50,kaggle_or_raw,data2/data/raw/fifty_old/IMG_1666262276298.jpg
SRC_001468,PN_50_0001,50,kaggle_or_raw,data2/data/raw/fifty_old/IMG_1666262281469.jpg
SRC_001469,PN_50_0001,50,kaggle_or_raw,data2/data/raw/fifty_old/IMG_1666262289481.jpg
SRC_001470,PN_50_0001,50,kaggle_or_raw,data2/data/raw/fifty_old/IMG_1666262294489.jpg
SRC_001471,PN_50_0001,50,kaggle_or_raw,data2/data/raw/fifty_old/IMG_1666262306451.jpg
SRC_001472,PN_50_0001,50,kaggle_or_raw,data2/data/raw/fifty_old/IMG_1666262311434.jpg
SRC_001473,PN_50_0001,50,kaggle_or_raw,data2/data/raw/fifty_old/IMG_1666262318529.jpg
SRC_001474,PN_50_0001,50,kaggle_or_raw,data2/data/raw/fifty_old/IMG_1666262327339.jpg
SRC_001475,PN_50_0001,50,kaggle_or_raw,data2/data/raw/fifty_old/IMG_1666262348869.jpg
SRC_001476,PN_50_0001,50,kaggle_or_raw,data2/data/raw/fifty_old/IMG_1666262355416.jpg
SRC_001477,PN_50_0001,50,kaggle_or_raw,data2/data/raw/fifty_old/IMG_1666262382190.jpg
SRC_001478,PN_50_0001,50,kaggle_or_raw,data2/data/raw/fifty_old/IMG_1666262388013.jpg
SRC_001479,PN_50_0002,50,kaggle_or_raw,data2/data/raw/fifty_old/IMG_1666262485053.jpg
SRC_001480,PN_50_0002,50,kaggle_or_raw,data2/data/raw/fifty_old/IMG_1666262496635.jpg
SRC_001481,PN_50_0002,50,kaggle_or_raw,data2/data/raw/fifty_old/IMG_1666262503818.jpg
SRC_001482,PN_50_0002,50,kaggle_or_raw,data2/data/raw/fifty_old/IMG_1666262526581.jpg
SRC_001483,PN_50_0002,50,kaggle_or_raw,data2/data/raw/fifty_old/IMG_1666262544847.jpg
SRC_001484,PN_50_0002,50,kaggle_or_raw,data2/data/raw/fifty_old/IMG_1666262570255.jpg
SRC_001485,PN_50_0002,50,kaggle_or_raw,data2/data/raw/fifty_old/IMG_1666262603414.jpg
SRC_001486,PN_50_0002,50,kaggle_or_raw,data2/data/raw/fifty_old/IMG_1666262608962.jpg
SRC_001487,PN_50_0002,50,kaggle_or_raw,data2/data/raw/fifty_old/IMG_1666262651335.jpg
SRC_001488,PN_50_0002,50,kaggle_or_raw,data2/data/raw/fifty_old/IMG_1666262656121.jpg
SRC_001489,PN_50_0002,50,kaggle_or_raw,data2/data/raw/fifty_old/IMG_1666262661256.jpg
SRC_001490,PN_50_0002,50,kaggle_or_raw,data2/data/raw/fifty_old/IMG_1666262665946.jpg
SRC_001491,PN_50_0002,50,kaggle_or_raw,data2/data/raw/fifty_old/IMG_1666262674179.jpg
SRC_001492,PN_50_0003,50,kaggle_or_raw,data2/data/raw/fifty_old/IMG_1666263369300.jpg
SRC_001493,PN_50_0003,50,kaggle_or_raw,data2/data/raw/fifty_old/IMG_1666263374930.jpg
SRC_001494,PN_50_0003,50,kaggle_or_raw,data2/data/raw/fifty_old/IMG_1666263381194.jpg
SRC_001495,PN_50_0003,50,kaggle_or_raw,data2/data/raw/fifty_old/IMG_1666263386696.jpg
SRC_001496,PN_50_0003,50,kaggle_or_raw,data2/data/raw/fifty_old/IMG_1666263402396.jpg
SRC_001497,PN_50_0003,50,kaggle_or_raw,data2/data/raw/fifty_old/IMG_1666263409526.jpg
SRC_001498,PN_50_0003,50,kaggle_or_raw,data2/data/raw/fifty_old/IMG_1666263415629.jpg
SRC_001499,PN_50_0003,50,kaggle_or_raw,data2/data/raw/fifty_old/IMG_1666263429109.jpg
SRC_001500,PN_50_0003,50,kaggle_or_raw,data2/data/raw/fifty_old/IMG_1666263434258.jpg
SRC_001501,PN_50_0003,50,kaggle_or_raw,data2/data/raw/fifty_old/IMG_1666263443497.jpg
SRC_001502,PN_50_0003,50,kaggle_or_raw,data2/data/raw/fifty_old/IMG_1666263486817.jpg
SRC_001503,PN_50_0003,50,kaggle_or_raw,data2/data/raw/fifty_old/IMG_1666263503473.jpg
SRC_001504,PN_50_0003,50,kaggle_or_raw,data2/data/raw/fifty_old/IMG_1666263520569.jpg
SRC_001505,PN_50_0005,50,kaggle_or_raw,data2/data/raw/fifty_old/IMG_1666265749679.jpg
SRC_001506,PN_50_0005,50,kaggle_or_raw,data2/data/raw/fifty_old/IMG_1666265763073.jpg
SRC_001507,PN_50_0005,50,kaggle_or_raw,data2/data/raw/fifty_old/IMG_1666265771936.jpg
SRC_001508,PN_50_0005,50,kaggle_or_raw,data2/data/raw/fifty_old/IMG_1666265805869.jpg
SRC_001509,PN_50_0005,50,kaggle_or_raw,data2/data/raw/fifty_old/IMG_1666265821940.jpg
SRC_001510,PN_50_0005,50,kaggle_or_raw,data2/data/raw/fifty_old/IMG_1666265829108.jpg
SRC_001511,PN_50_0005,50,kaggle_or_raw,data2/data/raw/fifty_old/IMG_1666265832748.jpg
SRC_001512,PN_50_0005,50,kaggle_or_raw,data2/data/raw/fifty_old/IMG_1666265837786.jpg
SRC_001513,PN_50_0005,50,kaggle_or_raw,data2/data/raw/fifty_old/IMG_1666265844072.jpg
SRC_001514,PN_50_0005,50,kaggle_or_raw,data2/data/raw/fifty_old/IMG_1666265849015.jpg
SRC_001515,PN_50_0005,50,kaggle_or_raw,data2/data/raw/fifty_old/IMG_1666265853885.jpg
SRC_001516,PN_50_0005,50,kaggle_or_raw,data2/data/raw/fifty_old/IMG_1666265858242.jpg
SRC_001517,PN_50_0005,50,kaggle_or_raw,data2/data/raw/fifty_old/IMG_1666265867570.jpg
SRC_001518,PN_50_0005,50,kaggle_or_raw,data2/data/raw/fifty_old/IMG_1666265872942.jpg
SRC_001519,PN_50_0005,50,kaggle_or_raw,data2/data/raw/fifty_old/IMG_1666265877562.jpg
SRC_001520,PN_50_0005,50,kaggle_or_raw,data2/data/raw/fifty_old/IMG_1666265882829.jpg
SRC_001521,PN_50_0005,50,kaggle_or_raw,data2/data/raw/fifty_old/IMG_1666265907161.jpg
SRC_001522,PN_50_0005,50,kaggle_or_raw,data2/data/raw/fifty_old/IMG_1666265913639.jpg
SRC_001523,PN_50_0005,50,kaggle_or_raw,data2/data/raw/fifty_old/IMG_1666265938963.jpg
SRC_001524,PN_50_0005,50,kaggle_or_raw,data2/data/raw/fifty_old/IMG_1666265945406.jpg
SRC_001525,PN_50_0005,50,kaggle_or_raw,data2/data/raw/fifty_old/IMG_1666265959519.jpg
SRC_001526,PN_50_0005,50,kaggle_or_raw,data2/data/raw/fifty_old/IMG_1666265965655.jpg
SRC_001527,PN_50_0005,50,kaggle_or_raw,data2/data/raw/fifty_old/IMG_1666265978008.jpg
SRC_001528,PN_50_0005,50,kaggle_or_raw,data2/data/raw/fifty_old/IMG_1666265989244.jpg
SRC_001529,PN_50_0012,50,kaggle_or_raw,data2/data/raw/fifty_old/IMG_1667886449263.jpg
SRC_001530,PN_50_0012,50,kaggle_or_raw,data2/data/raw/fifty_old/IMG_1667886453640.jpg
SRC_001531,PN_50_0012,50,kaggle_or_raw,data2/data/raw/fifty_old/IMG_1667886456014.jpg
SRC_001532,PN_50_0012,50,kaggle_or_raw,data2/data/raw/fifty_old/IMG_1667886467867.jpg
SRC_001533,PN_50_0012,50,kaggle_or_raw,data2/data/raw/fifty_old/IMG_1667886473551.jpg
SRC_001534,PN_50_0012,50,kaggle_or_raw,data2/data/raw/fifty_old/IMG_1667886479040.jpg
SRC_001535,PN_50_0012,50,kaggle_or_raw,data2/data/raw/fifty_old/IMG_1667886487712.jpg
SRC_001536,PN_50_0012,50,kaggle_or_raw,data2/data/raw/fifty_old/IMG_1667886491679.jpg
SRC_001537,PN_50_0012,50,kaggle_or_raw,data2/data/raw/fifty_old/IMG_1667886497645.jpg
SRC_001538,PN_50_0012,50,kaggle_or_raw,data2/data/raw/fifty_old/IMG_1667886510892.jpg
SRC_001539,PN_50_0012,50,kaggle_or_raw,data2/data/raw/fifty_old/IMG_1667886534060.jpg
SRC_001540,PN_50_0012,50,kaggle_or_raw,data2/data/raw/fifty_old/IMG_1667886538929.jpg
SRC_001541,PN_50_0012,50,kaggle_or_raw,data2/data/raw/fifty_old/IMG_1667886542675.jpg
SRC_001542,PN_50_0012,50,kaggle_or_raw,data2/data/raw/fifty_old/IMG_1667886546389.jpg
SRC_001543,PN_50_0012,50,kaggle_or_raw,data2/data/raw/fifty_old/IMG_1667886555474.jpg
SRC_001544,PN_50_0012,50,kaggle_or_raw,data2/data/raw/fifty_old/IMG_1667886559257.jpg
SRC_001545,PN_50_0012,50,kaggle_or_raw,data2/data/raw/fifty_old/IMG_1667886563974.jpg
SRC_001546,PN_50_0012,50,kaggle_or_raw,data2/data/raw/fifty_old/IMG_1667886569517.jpg
SRC_001547,PN_50_0012,50,kaggle_or_raw,data2/data/raw/fifty_old/IMG_1667886574416.jpg
SRC_001548,PN_50_0012,50,kaggle_or_raw,data2/data/raw/fifty_old/IMG_1667886579168.jpg
SRC_001549,PN_50_0012,50,kaggle_or_raw,data2/data/raw/fifty_old/IMG_1667886582646.jpg
SRC_001550,PN_50_0012,50,kaggle_or_raw,data2/data/raw/fifty_old/IMG_1667886585849.jpg
SRC_001551,PN_50_0012,50,kaggle_or_raw,data2/data/raw/fifty_old/IMG_1667886605066.jpg
SRC_001552,PN_50_0012,50,kaggle_or_raw,data2/data/raw/fifty_old/IMG_1667886613961.jpg
SRC_001553,PN_50_0012,50,kaggle_or_raw,data2/data/raw/fifty_old/IMG_1667886623863.jpg
SRC_001554,PN_50_0012,50,kaggle_or_raw,data2/data/raw/fifty_old/IMG_1667886650085.jpg
SRC_001555,PN_50_0012,50,kaggle_or_raw,data2/data/raw/fifty_old/IMG_1667886654966.jpg
SRC_001556,PN_50_0012,50,kaggle_or_raw,data2/data/raw/fifty_old/IMG_1667886659946.jpg
SRC_001557,PN_50_0012,50,kaggle_or_raw,data2/data/raw/fifty_old/IMG_1667886664705.jpg
SRC_001558,PN_50_0012,50,kaggle_or_raw,data2/data/raw/fifty_old/IMG_1667886686887.jpg
SRC_001559,PN_50_0012,50,kaggle_or_raw,data2/data/raw/fifty_old/IMG_1667886704463.jpg
SRC_001560,PN_50_0012,50,kaggle_or_raw,data2/data/raw/fifty_old/IMG_1667886713200.jpg
SRC_001561,PN_50_0012,50,kaggle_or_raw,data2/data/raw/fifty_old/IMG_1667886736242.jpg
SRC_001562,PN_50_0012,50,kaggle_or_raw,data2/data/raw/fifty_old/IMG_1667886740893.jpg
SRC_001563,PN_50_0012,50,kaggle_or_raw,data2/data/raw/fifty_old/IMG_1667886745178.jpg
SRC_001564,PN_50_0012,50,kaggle_or_raw,data2/data/raw/fifty_old/IMG_1667886748248.jpg
SRC_001565,PN_50_0012,50,kaggle_or_raw,data2/data/raw/fifty_old/IMG_1667886752697.jpg
SRC_001566,PN_50_0012,50,kaggle_or_raw,data2/data/raw/fifty_old/IMG_1667886756900.jpg
SRC_001567,PN_50_0012,50,kaggle_or_raw,data2/data/raw/fifty_old/IMG_1667886762950.jpg
SRC_001568,PN_50_0012,50,kaggle_or_raw,data2/data/raw/fifty_old/IMG_1667886766922.jpg
SRC_001569,PN_50_0012,50,kaggle_or_raw,data2/data/raw/fifty_old/IMG_1667886775136.jpg
SRC_001570,PN_50_0012,50,kaggle_or_raw,data2/data/raw/fifty_old/IMG_1667886779188.jpg
SRC_001571,PN_50_0012,50,kaggle_or_raw,data2/data/raw/fifty_old/IMG_1667886786550.jpg
SRC_001572,PN_50_0012,50,kaggle_or_raw,data2/data/raw/fifty_old/IMG_1667886792427.jpg
SRC_001573,PN_50_0012,50,kaggle_or_raw,data2/data/raw/fifty_old/IMG_1667886796966.jpg
SRC_001574,PN_50_0012,50,kaggle_or_raw,data2/data/raw/fifty_old/IMG_1667886801234.jpg
SRC_001575,PN_50_0012,50,kaggle_or_raw,data2/data/raw/fifty_old/IMG_1667886814301.jpg
SRC_001576,PN_50_0012,50,kaggle_or_raw,data2/data/raw/fifty_old/IMG_1667886818303.jpg
SRC_001577,PN_50_0012,50,kaggle_or_raw,data2/data/raw/fifty_old/IMG_1667886822569.jpg
SRC_001578,PN_50_0012,50,kaggle_or_raw,data2/data/raw/fifty_old/IMG_1667886826420.jpg
SRC_001579,PN_50_0012,50,kaggle_or_raw,data2/data/raw/fifty_old/IMG_1667886830331.jpg
SRC_001580,PN_50_0012,50,kaggle_or_raw,data2/data/raw/fifty_old/IMG_1667886837199.jpg
SRC_001581,PN_50_0012,50,kaggle_or_raw,data2/data/raw/fifty_old/IMG_1667886843212.jpg
SRC_001582,PN_50_0012,50,kaggle_or_raw,data2/data/raw/fifty_old/IMG_1667886847599.jpg
SRC_001583,PN_50_0012,50,kaggle_or_raw,data2/data/raw/fifty_old/IMG_1667886857328.jpg
SRC_001584,PN_50_0012,50,kaggle_or_raw,data2/data/raw/fifty_old/IMG_1667886864761.jpg
SRC_001585,PN_50_0012,50,kaggle_or_raw,data2/data/raw/fifty_old/IMG_1667886874105.jpg
SRC_001586,PN_50_0012,50,kaggle_or_raw,data2/data/raw/fifty_old/IMG_1667886878151.jpg
SRC_001587,PN_50_0012,50,kaggle_or_raw,data2/data/raw/fifty_old/IMG_1667886887236.jpg
SRC_001588,PN_50_0012,50,kaggle_or_raw,data2/data/raw/fifty_old/IMG_1667886891350.jpg
SRC_001589,PN_50_0012,50,kaggle_or_raw,data2/data/raw/fifty_old/IMG_1667886894913.jpg
SRC_001590,PN_50_0012,50,kaggle_or_raw,data2/data/raw/fifty_old/IMG_1667886898001.jpg
SRC_001591,PN_50_0012,50,kaggle_or_raw,data2/data/raw/fifty_old/IMG_1667886901496.jpg
SRC_001592,PN_50_0012,50,kaggle_or_raw,data2/data/raw/fifty_old/IMG_1667886904348.jpg
SRC_001593,PN_50_0012,50,kaggle_or_raw,data2/data/raw/fifty_old/IMG_1667886907540.jpg
SRC_001594,PN_50_0012,50,kaggle_or_raw,data2/data/raw/fifty_old/IMG_1667886910335.jpg
SRC_001595,PN_50_0012,50,kaggle_or_raw,data2/data/raw/fifty_old/IMG_1667886913700.jpg
SRC_001596,PN_50_0012,50,kaggle_or_raw,data2/data/raw/fifty_old/IMG_1667886916185.jpg
SRC_001597,PN_50_0012,50,kaggle_or_raw,data2/data/raw/fifty_old/IMG_1667886921679.jpg
SRC_001598,PN_50_0012,50,kaggle_or_raw,data2/data/raw/fifty_old/IMG_1667886924428.jpg
SRC_001599,PN_50_0012,50,kaggle_or_raw,data2/data/raw/fifty_old/IMG_1667886956488.jpg
SRC_001600,PN_50_0012,50,kaggle_or_raw,data2/data/raw/fifty_old/IMG_1667886963364.jpg
SRC_001601,PN_50_0012,50,kaggle_or_raw,data2/data/raw/fifty_old/IMG_1667886967886.jpg
SRC_001602,PN_50_0012,50,kaggle_or_raw,data2/data/raw/fifty_old/IMG_1667886971617.jpg
SRC_001603,PN_50_0012,50,kaggle_or_raw,data2/data/raw/fifty_old/IMG_1667886976628.jpg
SRC_001604,PN_50_0012,50,kaggle_or_raw,data2/data/raw/fifty_old/IMG_1667886981811.jpg
SRC_001605,PN_50_0012,50,kaggle_or_raw,data2/data/raw/fifty_old/IMG_1667886988238.jpg
SRC_001606,PN_50_0012,50,kaggle_or_raw,data2/data/raw/fifty_old/IMG_1667886992105.jpg
SRC_001607,PN_50_0012,50,kaggle_or_raw,data2/data/raw/fifty_old/IMG_1667886999372.jpg
SRC_001608,PN_50_0012,50,kaggle_or_raw,data2/data/raw/fifty_old/IMG_1667887006269.jpg
SRC_001609,PN_50_0012,50,kaggle_or_raw,data2/data/raw/fifty_old/IMG_1667887020280.jpg
SRC_001610,PN_50_0012,50,kaggle_or_raw,data2/data/raw/fifty_old/IMG_1667887024342.jpg
SRC_001611,PN_50_0012,50,kaggle_or_raw,data2/data/raw/fifty_old/IMG_1667887027913.jpg
SRC_001612,PN_50_0012,50,kaggle_or_raw,data2/data/raw/fifty_old/IMG_1667887032727.jpg
SRC_001613,PN_50_0012,50,kaggle_or_raw,data2/data/raw/fifty_old/IMG_1667887036428.jpg
SRC_001614,PN_50_0012,50,kaggle_or_raw,data2/data/raw/fifty_old/IMG_1667887040497.jpg
SRC_001615,PN_50_0012,50,kaggle_or_raw,data2/data/raw/fifty_old/IMG_1667887046073.jpg
SRC_001616,PN_50_0012,50,kaggle_or_raw,data2/data/raw/fifty_old/IMG_1667887050093.jpg
SRC_001617,PN_50_0012,50,kaggle_or_raw,data2/data/raw/fifty_old/IMG_1667887054227.jpg
SRC_001618,PN_50_0012,50,kaggle_or_raw,data2/data/raw/fifty_old/IMG_1667887058595.jpg
SRC_001619,PN_50_0012,50,kaggle_or_raw,data2/data/raw/fifty_old/IMG_1667887082496.jpg
SRC_001620,PN_50_0012,50,kaggle_or_raw,data2/data/raw/fifty_old/IMG_1667887086919.jpg
SRC_001621,PN_50_0012,50,kaggle_or_raw,data2/data/raw/fifty_old/IMG_1667887090914.jpg
SRC_001622,PN_50_0012,50,kaggle_or_raw,data2/data/raw/fifty_old/IMG_1667887094865.jpg
SRC_001623,PN_50_0012,50,kaggle_or_raw,data2/data/raw/fifty_old/IMG_1667887098529.jpg
SRC_001624,PN_50_0012,50,kaggle_or_raw,data2/data/raw/fifty_old/IMG_1667887116227.jpg
SRC_001625,PN_50_0012,50,kaggle_or_raw,data2/data/raw/fifty_old/IMG_1667887120223.jpg
SRC_001626,PN_50_0012,50,kaggle_or_raw,data2/data/raw/fifty_old/IMG_1667887125058.jpg
SRC_001627,PN_50_0012,50,kaggle_or_raw,data2/data/raw/fifty_old/IMG_1667887129078.jpg
SRC_001628,PN_50_0012,50,kaggle_or_raw,data2/data/raw/fifty_old/IMG_1667887132821.jpg
SRC_001629,PN_50_0012,50,kaggle_or_raw,data2/data/raw/fifty_old/IMG_1667887136814.jpg
SRC_001630,PN_50_0012,50,kaggle_or_raw,data2/data/raw/fifty_old/IMG_1667887151243.jpg
SRC_001631,PN_50_0012,50,kaggle_or_raw,data2/data/raw/fifty_old/IMG_1667887157390.jpg
SRC_001632,PN_50_0012,50,kaggle_or_raw,data2/data/raw/fifty_old/IMG_1667887161663.jpg
SRC_001633,PN_50_0012,50,kaggle_or_raw,data2/data/raw/fifty_old/IMG_1667887165316.jpg
SRC_001634,PN_50_0012,50,kaggle_or_raw,data2/data/raw/fifty_old/IMG_1667887169295.jpg
SRC_001635,PN_50_0012,50,kaggle_or_raw,data2/data/raw/fifty_old/IMG_1667887173128.jpg
SRC_001636,PN_50_0012,50,kaggle_or_raw,data2/data/raw/fifty_old/IMG_1667887177424.jpg
SRC_001637,PN_50_0012,50,kaggle_or_raw,data2/data/raw/fifty_old/IMG_1667887185451.jpg
SRC_001638,PN_50_0012,50,kaggle_or_raw,data2/data/raw/fifty_old/IMG_1667887196450.jpg
SRC_001639,PN_50_0012,50,kaggle_or_raw,data2/data/raw/fifty_old/IMG_1667887202440.jpg
SRC_001640,PN_50_0012,50,kaggle_or_raw,data2/data/raw/fifty_old/IMG_1667887219316.jpg
SRC_001641,PN_50_0012,50,kaggle_or_raw,data2/data/raw/fifty_old/IMG_1667887223660.jpg
SRC_001642,PN_50_0012,50,kaggle_or_raw,data2/data/raw/fifty_old/IMG_1667887227711.jpg
SRC_001643,PN_50_0012,50,kaggle_or_raw,data2/data/raw/fifty_old/IMG_1667887232077.jpg
SRC_001644,PN_50_0012,50,kaggle_or_raw,data2/data/raw/fifty_old/IMG_1667887236012.jpg
SRC_001645,PN_50_0012,50,kaggle_or_raw,data2/data/raw/fifty_old/IMG_1667887239895.jpg
SRC_001646,PN_50_0012,50,kaggle_or_raw,data2/data/raw/fifty_old/IMG_1667887244826.jpg
SRC_001647,PN_50_0012,50,kaggle_or_raw,data2/data/raw/fifty_old/IMG_1667887250751.jpg
SRC_001648,PN_50_0012,50,kaggle_or_raw,data2/data/raw/fifty_old/IMG_1667887255972.jpg
SRC_001649,PN_50_0012,50,kaggle_or_raw,data2/data/raw/fifty_old/IMG_1667887261147.jpg
SRC_001650,PN_50_0012,50,kaggle_or_raw,data2/data/raw/fifty_old/IMG_1667887277782.jpg
SRC_001651,PN_50_0012,50,kaggle_or_raw,data2/data/raw/fifty_old/IMG_1667887285948.jpg
SRC_001652,PN_50_0012,50,kaggle_or_raw,data2/data/raw/fifty_old/IMG_1667887293125.jpg
SRC_001653,PN_50_0012,50,kaggle_or_raw,data2/data/raw/fifty_old/IMG_1667887299017.jpg
SRC_001654,PN_50_0012,50,kaggle_or_raw,data2/data/raw/fifty_old/IMG_1667887303259.jpg
SRC_001655,PN_50_0012,50,kaggle_or_raw,data2/data/raw/fifty_old/IMG_1667887307082.jpg
SRC_001656,PN_50_0012,50,kaggle_or_raw,data2/data/raw/fifty_old/IMG_1667887312014.jpg
SRC_001657,PN_50_0012,50,kaggle_or_raw,data2/data/raw/fifty_old/IMG_1667887317087.jpg
SRC_001658,PN_50_0012,50,kaggle_or_raw,data2/data/raw/fifty_old/IMG_1667887321494.jpg
SRC_001659,PN_50_0012,50,kaggle_or_raw,data2/data/raw/fifty_old/IMG_1667887325600.jpg
SRC_001660,PN_50_0012,50,kaggle_or_raw,data2/data/raw/fifty_old/IMG_1667887337547.jpg
SRC_001661,PN_50_0012,50,kaggle_or_raw,data2/data/raw/fifty_old/IMG_1667887342860.jpg
SRC_001662,PN_50_0012,50,kaggle_or_raw,data2/data/raw/fifty_old/IMG_1667887350306.jpg
SRC_001663,PN_50_0012,50,kaggle_or_raw,data2/data/raw/fifty_old/IMG_1667887356317.jpg
SRC_001664,PN_50_0012,50,kaggle_or_raw,data2/data/raw/fifty_old/IMG_1667887375117.jpg
SRC_001665,PN_50_0012,50,kaggle_or_raw,data2/data/raw/fifty_old/IMG_1667887381236.jpg
SRC_001666,PN_50_0012,50,kaggle_or_raw,data2/data/raw/fifty_old/IMG_1667887386853.jpg
SRC_001667,PN_50_0012,50,kaggle_or_raw,data2/data/raw/fifty_old/IMG_1667887392249.jpg
SRC_001668,PN_50_0012,50,kaggle_or_raw,data2/data/raw/fifty_old/IMG_1667887396425.jpg
SRC_001669,PN_50_0012,50,kaggle_or_raw,data2/data/raw/fifty_old/IMG_1667887400045.jpg
SRC_001670,PN_50_0012,50,kaggle_or_raw,data2/data/raw/fifty_old/IMG_1667887404214.jpg
SRC_001671,PN_50_0012,50,kaggle_or_raw,data2/data/raw/fifty_old/IMG_1667887408746.jpg
SRC_001672,PN_50_0012,50,kaggle_or_raw,data2/data/raw/fifty_old/IMG_1667887412809.jpg
SRC_001673,PN_50_0012,50,kaggle_or_raw,data2/data/raw/fifty_old/IMG_1667887417521.jpg
SRC_001674,PN_50_0012,50,kaggle_or_raw,data2/data/raw/fifty_old/IMG_1667887434355.jpg
SRC_001675,PN_50_0012,50,kaggle_or_raw,data2/data/raw/fifty_old/IMG_1667887439408.jpg
SRC_001676,PN_50_0012,50,kaggle_or_raw,data2/data/raw/fifty_old/IMG_1667887443787.jpg
SRC_001677,PN_50_0012,50,kaggle_or_raw,data2/data/raw/fifty_old/IMG_1667887448155.jpg
SRC_001678,PN_50_0012,50,kaggle_or_raw,data2/data/raw/fifty_old/IMG_1667887453180.jpg
SRC_001679,PN_50_0012,50,kaggle_or_raw,data2/data/raw/fifty_old/IMG_1667887473379.jpg
SRC_001680,PN_50_0012,50,kaggle_or_raw,data2/data/raw/fifty_old/IMG_1667887478611.jpg
SRC_001681,PN_50_0012,50,kaggle_or_raw,data2/data/raw/fifty_old/IMG_1667887490443.jpg
SRC_001682,PN_50_0012,50,kaggle_or_raw,data2/data/raw/fifty_old/IMG_1667887494833.jpg
SRC_001683,PN_50_0012,50,kaggle_or_raw,data2/data/raw/fifty_old/IMG_1667887501123.jpg
SRC_001684,PN_50_0012,50,kaggle_or_raw,data2/data/raw/fifty_old/IMG_1667887506307.jpg
SRC_001685,PN_50_0012,50,kaggle_or_raw,data2/data/raw/fifty_old/IMG_1667887510852.jpg
SRC_001686,PN_50_0012,50,kaggle_or_raw,data2/data/raw/fifty_old/IMG_1667887514313.jpg
SRC_001687,PN_50_0012,50,kaggle_or_raw,data2/data/raw/fifty_old/IMG_1667887519186.jpg
SRC_001688,PN_50_0012,50,kaggle_or_raw,data2/data/raw/fifty_old/IMG_1667887524021.jpg
SRC_001689,PN_50_0012,50,kaggle_or_raw,data2/data/raw/fifty_old/IMG_1667887540850.jpg
SRC_001690,PN_50_0012,50,kaggle_or_raw,data2/data/raw/fifty_old/IMG_1667887548079.jpg
SRC_001691,PN_50_0012,50,kaggle_or_raw,data2/data/raw/fifty_old/IMG_1667887552890.jpg
SRC_001692,PN_50_0012,50,kaggle_or_raw,data2/data/raw/fifty_old/IMG_1667887556874.jpg
SRC_001693,PN_50_0012,50,kaggle_or_raw,data2/data/raw/fifty_old/IMG_1667887562867.jpg
SRC_001694,PN_50_0012,50,kaggle_or_raw,data2/data/raw/fifty_old/IMG_1667887580437.jpg
SRC_001695,PN_50_0013,50,kaggle_or_raw,data2/data/raw/fifty_old/IMG_1667887667715.jpg
SRC_001696,PN_100_0002,100,kaggle_or_raw,data2/data/raw/hundred_new/IMG_1666266823443.jpg
SRC_001697,PN_100_0002,100,kaggle_or_raw,data2/data/raw/hundred_new/IMG_1666266827810.jpg
SRC_001698,PN_100_0002,100,kaggle_or_raw,data2/data/raw/hundred_new/IMG_1666266841763.jpg
SRC_001699,PN_100_0002,100,kaggle_or_raw,data2/data/raw/hundred_new/IMG_1666266847237.jpg
SRC_001700,PN_100_0002,100,kaggle_or_raw,data2/data/raw/hundred_new/IMG_1666266852875.jpg
SRC_001701,PN_100_0002,100,kaggle_or_raw,data2/data/raw/hundred_new/IMG_1666266870376.jpg
SRC_001702,PN_100_0002,100,kaggle_or_raw,data2/data/raw/hundred_new/IMG_1666266887823.jpg
SRC_001703,PN_100_0002,100,kaggle_or_raw,data2/data/raw/hundred_new/IMG_1666266892120.jpg
SRC_001704,PN_100_0003,100,kaggle_or_raw,data2/data/raw/hundred_new/IMG_1666266977500.jpg
SRC_001705,PN_100_0003,100,kaggle_or_raw,data2/data/raw/hundred_new/IMG_1666266982142.jpg
SRC_001706,PN_100_0003,100,kaggle_or_raw,data2/data/raw/hundred_new/IMG_1666267000962.jpg
SRC_001707,PN_100_0003,100,kaggle_or_raw,data2/data/raw/hundred_new/IMG_1666267014972.jpg
SRC_001708,PN_100_0003,100,kaggle_or_raw,data2/data/raw/hundred_new/IMG_1666267025074.jpg
SRC_001709,PN_100_0003,100,kaggle_or_raw,data2/data/raw/hundred_new/IMG_1666267043725.jpg
SRC_001710,PN_100_0003,100,kaggle_or_raw,data2/data/raw/hundred_new/IMG_1666267054247.jpg
SRC_001711,PN_100_0003,100,kaggle_or_raw,data2/data/raw/hundred_new/IMG_1666267058356.jpg
SRC_001712,PN_100_0004,100,kaggle_or_raw,data2/data/raw/hundred_new/IMG_1666269978381.jpg
SRC_001713,PN_100_0004,100,kaggle_or_raw,data2/data/raw/hundred_new/IMG_1666269979465.jpg
SRC_001714,PN_100_0005,100,kaggle_or_raw,data2/data/raw/hundred_new/IMG_1666270076034.jpg
SRC_001715,PN_100_0005,100,kaggle_or_raw,data2/data/raw/hundred_new/IMG_1666270084652.jpg
SRC_001716,PN_100_0005,100,kaggle_or_raw,data2/data/raw/hundred_new/IMG_1666270095633.jpg
SRC_001717,PN_100_0005,100,kaggle_or_raw,data2/data/raw/hundred_new/IMG_1666270118444.jpg
SRC_001718,PN_100_0005,100,kaggle_or_raw,data2/data/raw/hundred_new/IMG_1666270135658.jpg
SRC_001719,PN_100_0005,100,kaggle_or_raw,data2/data/raw/hundred_new/IMG_1666270143062.jpg
SRC_001720,PN_100_0005,100,kaggle_or_raw,data2/data/raw/hundred_new/IMG_1666270148712.jpg
SRC_001721,PN_100_0005,100,kaggle_or_raw,data2/data/raw/hundred_new/IMG_1666270153638.jpg
SRC_001722,PN_100_0005,100,kaggle_or_raw,data2/data/raw/hundred_new/IMG_1666270158479.jpg
SRC_001723,PN_100_0005,100,kaggle_or_raw,data2/data/raw/hundred_new/IMG_1666270162605.jpg
SRC_001724,PN_100_0005,100,kaggle_or_raw,data2/data/raw/hundred_new/IMG_1666270168355.jpg
SRC_001725,PN_100_0005,100,kaggle_or_raw,data2/data/raw/hundred_new/IMG_1666270173674.jpg
SRC_001726,PN_100_0005,100,kaggle_or_raw,data2/data/raw/hundred_new/IMG_1666270178738.jpg
SRC_001727,PN_100_0005,100,kaggle_or_raw,data2/data/raw/hundred_new/IMG_1666270182953.jpg
SRC_001728,PN_100_0005,100,kaggle_or_raw,data2/data/raw/hundred_new/IMG_1666270186876.jpg
SRC_001729,PN_100_0005,100,kaggle_or_raw,data2/data/raw/hundred_new/IMG_1666270190505.jpg
SRC_001730,PN_100_0005,100,kaggle_or_raw,data2/data/raw/hundred_new/IMG_1666270220286.jpg
SRC_001731,PN_100_0005,100,kaggle_or_raw,data2/data/raw/hundred_new/IMG_1666270227782.jpg
SRC_001732,PN_100_0005,100,kaggle_or_raw,data2/data/raw/hundred_new/IMG_1666270238825.jpg
SRC_001733,PN_100_0005,100,kaggle_or_raw,data2/data/raw/hundred_new/IMG_1666270245101.jpg
SRC_001734,PN_100_0005,100,kaggle_or_raw,data2/data/raw/hundred_new/IMG_1666270269602.jpg
SRC_001735,PN_100_0005,100,kaggle_or_raw,data2/data/raw/hundred_new/IMG_1666270274544.jpg
SRC_001736,PN_100_0005,100,kaggle_or_raw,data2/data/raw/hundred_new/IMG_1666270287033.jpg
SRC_001737,PN_100_0005,100,kaggle_or_raw,data2/data/raw/hundred_new/IMG_1666270293802.jpg
SRC_001738,PN_100_0005,100,kaggle_or_raw,data2/data/raw/hundred_new/IMG_1666270305335.jpg
SRC_001739,PN_100_0005,100,kaggle_or_raw,data2/data/raw/hundred_new/IMG_1666270315895.jpg
SRC_001740,PN_100_0005,100,kaggle_or_raw,data2/data/raw/hundred_new/IMG_1666270317946.jpg
SRC_001741,PN_100_0005,100,kaggle_or_raw,data2/data/raw/hundred_new/IMG_1666270318927.jpg
SRC_001742,PN_100_0005,100,kaggle_or_raw,data2/data/raw/hundred_new/IMG_1666270328606.jpg
SRC_001743,PN_100_0005,100,kaggle_or_raw,data2/data/raw/hundred_new/IMG_1666270336535.jpg
SRC_001744,PN_100_0005,100,kaggle_or_raw,data2/data/raw/hundred_new/IMG_1666270351142.jpg
SRC_001745,PN_100_0005,100,kaggle_or_raw,data2/data/raw/hundred_new/IMG_1666270356722.jpg
SRC_001746,PN_100_0005,100,kaggle_or_raw,data2/data/raw/hundred_new/IMG_1666270369289.jpg
SRC_001747,PN_100_0005,100,kaggle_or_raw,data2/data/raw/hundred_new/IMG_1666270374647.jpg
SRC_001748,PN_100_0005,100,kaggle_or_raw,data2/data/raw/hundred_new/IMG_1666270397430.jpg
SRC_001749,PN_100_0005,100,kaggle_or_raw,data2/data/raw/hundred_new/IMG_1666270405186.jpg
SRC_001750,PN_100_0005,100,kaggle_or_raw,data2/data/raw/hundred_new/IMG_1666270421980.jpg
SRC_001751,PN_100_0005,100,kaggle_or_raw,data2/data/raw/hundred_new/IMG_1666270429194.jpg
SRC_001752,PN_100_0008,100,kaggle_or_raw,data2/data/raw/hundred_new/IMG_1667895268291.jpg
SRC_001753,PN_100_0008,100,kaggle_or_raw,data2/data/raw/hundred_new/IMG_1667895279808.jpg
SRC_001754,PN_100_0008,100,kaggle_or_raw,data2/data/raw/hundred_new/IMG_1667895284883.jpg
SRC_001755,PN_100_0008,100,kaggle_or_raw,data2/data/raw/hundred_new/IMG_1667895294595.jpg
SRC_001756,PN_100_0008,100,kaggle_or_raw,data2/data/raw/hundred_new/IMG_1667895301194.jpg
SRC_001757,PN_100_0008,100,kaggle_or_raw,data2/data/raw/hundred_new/IMG_1667895350570.jpg
SRC_001758,PN_100_0008,100,kaggle_or_raw,data2/data/raw/hundred_new/IMG_1667895356842.jpg
SRC_001759,PN_100_0008,100,kaggle_or_raw,data2/data/raw/hundred_new/IMG_1667895366517.jpg
SRC_001760,PN_100_0008,100,kaggle_or_raw,data2/data/raw/hundred_new/IMG_1667895373392.jpg
SRC_001761,PN_100_0008,100,kaggle_or_raw,data2/data/raw/hundred_new/IMG_1667895395772.jpg
SRC_001762,PN_100_0008,100,kaggle_or_raw,data2/data/raw/hundred_new/IMG_1667895413589.jpg
SRC_001763,PN_100_0008,100,kaggle_or_raw,data2/data/raw/hundred_new/IMG_1667895432880.jpg
SRC_001764,PN_100_0008,100,kaggle_or_raw,data2/data/raw/hundred_new/IMG_1667895448612.jpg
SRC_001765,PN_100_0008,100,kaggle_or_raw,data2/data/raw/hundred_new/IMG_1667895460422.jpg
SRC_001766,PN_100_0008,100,kaggle_or_raw,data2/data/raw/hundred_new/IMG_1667895466852.jpg
SRC_001767,PN_100_0008,100,kaggle_or_raw,data2/data/raw/hundred_new/IMG_1667895517568.jpg
SRC_001768,PN_100_0008,100,kaggle_or_raw,data2/data/raw/hundred_new/IMG_1667895532631.jpg
SRC_001769,PN_100_0008,100,kaggle_or_raw,data2/data/raw/hundred_new/IMG_1667895539773.jpg
SRC_001770,PN_100_0008,100,kaggle_or_raw,data2/data/raw/hundred_new/IMG_1667895552364.jpg
SRC_001771,PN_100_0008,100,kaggle_or_raw,data2/data/raw/hundred_new/IMG_1667895557699.jpg
SRC_001772,PN_100_0008,100,kaggle_or_raw,data2/data/raw/hundred_new/IMG_1667895562754.jpg
SRC_001773,PN_100_0008,100,kaggle_or_raw,data2/data/raw/hundred_new/IMG_1667895573124.jpg
SRC_001774,PN_100_0008,100,kaggle_or_raw,data2/data/raw/hundred_new/IMG_1667895579738.jpg
SRC_001775,PN_100_0008,100,kaggle_or_raw,data2/data/raw/hundred_new/IMG_1667895584705.jpg
SRC_001776,PN_100_0009,100,kaggle_or_raw,data2/data/raw/hundred_new/IMG_1667898527113.jpg
SRC_001777,PN_100_0009,100,kaggle_or_raw,data2/data/raw/hundred_new/IMG_1667898552478.jpg
SRC_001778,PN_100_0009,100,kaggle_or_raw,data2/data/raw/hundred_new/IMG_1667898564306.jpg
SRC_001779,PN_100_0009,100,kaggle_or_raw,data2/data/raw/hundred_new/IMG_1667898583014.jpg
SRC_001780,PN_100_0009,100,kaggle_or_raw,data2/data/raw/hundred_new/IMG_1667898592793.jpg
SRC_001781,PN_100_0009,100,kaggle_or_raw,data2/data/raw/hundred_new/IMG_1667898598922.jpg
SRC_001782,PN_100_0009,100,kaggle_or_raw,data2/data/raw/hundred_new/IMG_1667898607686.jpg
SRC_001783,PN_100_0009,100,kaggle_or_raw,data2/data/raw/hundred_new/IMG_1667898634013.jpg
SRC_001784,PN_100_0009,100,kaggle_or_raw,data2/data/raw/hundred_new/IMG_1667898635978.jpg
SRC_001785,PN_100_0009,100,kaggle_or_raw,data2/data/raw/hundred_new/IMG_1667898692356.jpg
SRC_001786,PN_100_0009,100,kaggle_or_raw,data2/data/raw/hundred_new/IMG_1667898721218.jpg
SRC_001787,PN_100_0009,100,kaggle_or_raw,data2/data/raw/hundred_new/IMG_1667898756140.jpg
SRC_001788,PN_100_0009,100,kaggle_or_raw,data2/data/raw/hundred_new/IMG_1667898762698.jpg
SRC_001789,PN_100_0009,100,kaggle_or_raw,data2/data/raw/hundred_new/IMG_1667898772119.jpg
SRC_001790,PN_100_0009,100,kaggle_or_raw,data2/data/raw/hundred_new/IMG_1667898782545.jpg
SRC_001791,PN_100_0009,100,kaggle_or_raw,data2/data/raw/hundred_new/IMG_1667898804080.jpg
SRC_001792,PN_100_0009,100,kaggle_or_raw,data2/data/raw/hundred_new/IMG_1667898820119.jpg
SRC_001793,PN_100_0009,100,kaggle_or_raw,data2/data/raw/hundred_new/IMG_1667898867445.jpg
SRC_001794,PN_100_0009,100,kaggle_or_raw,data2/data/raw/hundred_new/IMG_1667898875671.jpg
SRC_001795,PN_100_0009,100,kaggle_or_raw,data2/data/raw/hundred_new/IMG_1667898919161.jpg
SRC_001796,PN_100_0009,100,kaggle_or_raw,data2/data/raw/hundred_new/IMG_1667898924776.jpg
SRC_001797,PN_100_0010,100,kaggle_or_raw,data2/data/raw/hundred_new/IMG_1667898990472.jpg
SRC_001798,PN_100_0011,100,kaggle_or_raw,data2/data/raw/hundred_new/IMG_1667899201124.jpg
SRC_001799,PN_100_0011,100,kaggle_or_raw,data2/data/raw/hundred_new/IMG_1667899211150.jpg
SRC_001800,PN_100_0011,100,kaggle_or_raw,data2/data/raw/hundred_new/IMG_1667899216642.jpg
SRC_001801,PN_100_0011,100,kaggle_or_raw,data2/data/raw/hundred_new/IMG_1667899229602.jpg
SRC_001802,PN_100_0011,100,kaggle_or_raw,data2/data/raw/hundred_new/IMG_1667899235190.jpg
SRC_001803,PN_100_0011,100,kaggle_or_raw,data2/data/raw/hundred_new/IMG_1667899242439.jpg
SRC_001804,PN_100_0011,100,kaggle_or_raw,data2/data/raw/hundred_new/IMG_1667899250358.jpg
SRC_001805,PN_100_0011,100,kaggle_or_raw,data2/data/raw/hundred_new/IMG_1667899257126.jpg
SRC_001806,PN_100_0011,100,kaggle_or_raw,data2/data/raw/hundred_new/IMG_1667899266733.jpg
SRC_001807,PN_100_0011,100,kaggle_or_raw,data2/data/raw/hundred_new/IMG_1667899271928.jpg
SRC_001808,PN_100_0011,100,kaggle_or_raw,data2/data/raw/hundred_new/IMG_1667899288655.jpg
SRC_001809,PN_100_0011,100,kaggle_or_raw,data2/data/raw/hundred_new/IMG_1667899314663.jpg
SRC_001810,PN_100_0011,100,kaggle_or_raw,data2/data/raw/hundred_new/IMG_1667899344447.jpg
SRC_001811,PN_100_0011,100,kaggle_or_raw,data2/data/raw/hundred_new/IMG_1667899364816.jpg
SRC_001812,PN_100_0011,100,kaggle_or_raw,data2/data/raw/hundred_new/IMG_1667899371861.jpg
SRC_001813,PN_100_0011,100,kaggle_or_raw,data2/data/raw/hundred_new/IMG_1667899387090.jpg
SRC_001814,PN_100_0011,100,kaggle_or_raw,data2/data/raw/hundred_new/IMG_1667899414208.jpg
SRC_001815,PN_100_0011,100,kaggle_or_raw,data2/data/raw/hundred_new/IMG_1667899432176.jpg
SRC_001816,PN_100_0011,100,kaggle_or_raw,data2/data/raw/hundred_new/IMG_1667899462992.jpg
SRC_001817,PN_100_0011,100,kaggle_or_raw,data2/data/raw/hundred_new/IMG_1667899507354.jpg
SRC_001818,PN_100_0011,100,kaggle_or_raw,data2/data/raw/hundred_new/IMG_1667899531190.jpg
SRC_001819,PN_100_0012,100,kaggle_or_raw,data2/data/raw/hundred_new/IMG_1667899621372.jpg
SRC_001820,PN_100_0012,100,kaggle_or_raw,data2/data/raw/hundred_new/IMG_1667899627421.jpg
SRC_001821,PN_100_0013,100,kaggle_or_raw,data2/data/raw/hundred_new/IMG_1667899706057.jpg
SRC_001822,PN_100_0013,100,kaggle_or_raw,data2/data/raw/hundred_new/IMG_1667899710725.jpg
SRC_001823,PN_100_0013,100,kaggle_or_raw,data2/data/raw/hundred_new/IMG_1667899723296.jpg
SRC_001824,PN_100_0013,100,kaggle_or_raw,data2/data/raw/hundred_new/IMG_1667899744270.jpg
SRC_001825,PN_100_0013,100,kaggle_or_raw,data2/data/raw/hundred_new/IMG_1667899759977.jpg
SRC_001826,PN_100_0013,100,kaggle_or_raw,data2/data/raw/hundred_new/IMG_1667899769020.jpg
SRC_001827,PN_100_0013,100,kaggle_or_raw,data2/data/raw/hundred_new/IMG_1667899786650.jpg
SRC_001828,PN_100_0013,100,kaggle_or_raw,data2/data/raw/hundred_new/IMG_1667899804828.jpg
SRC_001829,PN_100_0013,100,kaggle_or_raw,data2/data/raw/hundred_new/IMG_1667899828521.jpg
SRC_001830,PN_100_0013,100,kaggle_or_raw,data2/data/raw/hundred_new/IMG_1667899839916.jpg
SRC_001831,PN_100_0013,100,kaggle_or_raw,data2/data/raw/hundred_new/IMG_1667899848070.jpg
SRC_001832,PN_100_0013,100,kaggle_or_raw,data2/data/raw/hundred_new/IMG_1667899857509.jpg
SRC_001833,PN_100_0013,100,kaggle_or_raw,data2/data/raw/hundred_new/IMG_1667899875582.jpg
SRC_001834,PN_100_0013,100,kaggle_or_raw,data2/data/raw/hundred_new/IMG_1667899881039.jpg
SRC_001835,PN_100_0013,100,kaggle_or_raw,data2/data/raw/hundred_new/IMG_1667899894073.jpg
SRC_001836,PN_100_0013,100,kaggle_or_raw,data2/data/raw/hundred_new/IMG_1667899906480.jpg
SRC_001837,PN_100_0013,100,kaggle_or_raw,data2/data/raw/hundred_new/IMG_1667899924506.jpg
SRC_001838,PN_100_0013,100,kaggle_or_raw,data2/data/raw/hundred_new/IMG_1667899931463.jpg
SRC_001839,PN_100_0013,100,kaggle_or_raw,data2/data/raw/hundred_new/IMG_1667899936638.jpg
SRC_001840,PN_100_0013,100,kaggle_or_raw,data2/data/raw/hundred_new/IMG_1667899941735.jpg
SRC_001841,PN_100_0014,100,kaggle_or_raw,data2/data/raw/hundred_new/IMG_1667900010229.jpg
SRC_001842,PN_100_0014,100,kaggle_or_raw,data2/data/raw/hundred_new/IMG_1667900028781.jpg
SRC_001843,PN_100_0014,100,kaggle_or_raw,data2/data/raw/hundred_new/IMG_1667900046554.jpg
SRC_001844,PN_100_0014,100,kaggle_or_raw,data2/data/raw/hundred_new/IMG_1667900053858.jpg
SRC_001845,PN_100_0014,100,kaggle_or_raw,data2/data/raw/hundred_new/IMG_1667900063374.jpg
SRC_001846,PN_100_0014,100,kaggle_or_raw,data2/data/raw/hundred_new/IMG_1667900073361.jpg
SRC_001847,PN_100_0014,100,kaggle_or_raw,data2/data/raw/hundred_new/IMG_1667900090789.jpg
SRC_001848,PN_100_0014,100,kaggle_or_raw,data2/data/raw/hundred_new/IMG_1667900100463.jpg
SRC_001849,PN_100_0014,100,kaggle_or_raw,data2/data/raw/hundred_new/IMG_1667900112614.jpg
SRC_001850,PN_100_0014,100,kaggle_or_raw,data2/data/raw/hundred_new/IMG_1667900126420.jpg
SRC_001851,PN_100_0014,100,kaggle_or_raw,data2/data/raw/hundred_new/IMG_1667900134046.jpg
SRC_001852,PN_100_0014,100,kaggle_or_raw,data2/data/raw/hundred_new/IMG_1667900143869.jpg
SRC_001853,PN_100_0014,100,kaggle_or_raw,data2/data/raw/hundred_new/IMG_1667900193553.jpg
SRC_001854,PN_100_0014,100,kaggle_or_raw,data2/data/raw/hundred_new/IMG_1667900214562.jpg
SRC_001855,PN_100_0014,100,kaggle_or_raw,data2/data/raw/hundred_new/IMG_1667900227059.jpg
SRC_001856,PN_100_0014,100,kaggle_or_raw,data2/data/raw/hundred_new/IMG_1667900232517.jpg
SRC_001857,PN_100_0015,100,kaggle_or_raw,data2/data/raw/hundred_new/IMG_1667900302631.jpg
SRC_001858,PN_100_0015,100,kaggle_or_raw,data2/data/raw/hundred_new/IMG_1667900319568.jpg
SRC_001859,PN_100_0015,100,kaggle_or_raw,data2/data/raw/hundred_new/IMG_1667900330322.jpg
SRC_001860,PN_100_0015,100,kaggle_or_raw,data2/data/raw/hundred_new/IMG_1667900337660.jpg
SRC_001861,PN_100_0015,100,kaggle_or_raw,data2/data/raw/hundred_new/IMG_1667900349697.jpg
SRC_001862,PN_100_0015,100,kaggle_or_raw,data2/data/raw/hundred_new/IMG_1667900373693.jpg
SRC_001863,PN_100_0016,100,kaggle_or_raw,data2/data/raw/hundred_new/IMG_1667900997370.jpg
SRC_001864,PN_100_0016,100,kaggle_or_raw,data2/data/raw/hundred_new/IMG_1667901005312.jpg
SRC_001865,PN_100_0016,100,kaggle_or_raw,data2/data/raw/hundred_new/IMG_1667901046662.jpg
SRC_001866,PN_100_0016,100,kaggle_or_raw,data2/data/raw/hundred_new/IMG_1667901071943.jpg
SRC_001867,PN_100_0016,100,kaggle_or_raw,data2/data/raw/hundred_new/IMG_1667901080530.jpg
SRC_001868,PN_100_0016,100,kaggle_or_raw,data2/data/raw/hundred_new/IMG_1667901089968.jpg
SRC_001869,PN_100_0016,100,kaggle_or_raw,data2/data/raw/hundred_new/IMG_1667901100600.jpg
SRC_001870,PN_100_0016,100,kaggle_or_raw,data2/data/raw/hundred_new/IMG_1667901112590.jpg
SRC_001871,PN_100_0016,100,kaggle_or_raw,data2/data/raw/hundred_new/IMG_1667901124129.jpg
SRC_001872,PN_100_0016,100,kaggle_or_raw,data2/data/raw/hundred_new/IMG_1667901138060.jpg
SRC_001873,PN_100_0016,100,kaggle_or_raw,data2/data/raw/hundred_new/IMG_1667901148106.jpg
SRC_001874,PN_100_0016,100,kaggle_or_raw,data2/data/raw/hundred_new/IMG_1667901160073.jpg
SRC_001875,PN_100_0016,100,kaggle_or_raw,data2/data/raw/hundred_new/IMG_1667901172141.jpg
SRC_001876,PN_100_0016,100,kaggle_or_raw,data2/data/raw/hundred_new/IMG_1667901179154.jpg
SRC_001877,PN_100_0016,100,kaggle_or_raw,data2/data/raw/hundred_new/IMG_1667901188792.jpg
SRC_001878,PN_100_0016,100,kaggle_or_raw,data2/data/raw/hundred_new/IMG_1667901202042.jpg
SRC_001879,PN_100_0016,100,kaggle_or_raw,data2/data/raw/hundred_new/IMG_1667901213517.jpg
SRC_001880,PN_100_0016,100,kaggle_or_raw,data2/data/raw/hundred_new/IMG_1667901235543.jpg
SRC_001881,PN_100_0016,100,kaggle_or_raw,data2/data/raw/hundred_new/IMG_1667901245344.jpg
SRC_001882,PN_100_0016,100,kaggle_or_raw,data2/data/raw/hundred_new/IMG_1667901285691.jpg
SRC_001883,PN_100_0016,100,kaggle_or_raw,data2/data/raw/hundred_new/IMG_1667901291674.jpg
SRC_001884,PN_100_0016,100,kaggle_or_raw,data2/data/raw/hundred_new/IMG_1667901311596.jpg
SRC_001885,PN_100_0016,100,kaggle_or_raw,data2/data/raw/hundred_new/IMG_1667901319209.jpg
SRC_001886,PN_100_0016,100,kaggle_or_raw,data2/data/raw/hundred_new/IMG_1667901342405.jpg
SRC_001887,PN_100_0016,100,kaggle_or_raw,data2/data/raw/hundred_new/IMG_1667901349763.jpg
SRC_001888,PN_100_0016,100,kaggle_or_raw,data2/data/raw/hundred_new/IMG_1667901361231.jpg
SRC_001889,PN_100_0016,100,kaggle_or_raw,data2/data/raw/hundred_new/IMG_1667901377046.jpg
SRC_001890,PN_100_0016,100,kaggle_or_raw,data2/data/raw/hundred_new/IMG_1667901386775.jpg
SRC_001891,PN_100_0016,100,kaggle_or_raw,data2/data/raw/hundred_new/IMG_1667901395612.jpg
SRC_001892,PN_100_0016,100,kaggle_or_raw,data2/data/raw/hundred_new/IMG_1667901407909.jpg
SRC_001893,PN_100_0016,100,kaggle_or_raw,data2/data/raw/hundred_new/IMG_1667901411903.jpg
SRC_001894,PN_100_0016,100,kaggle_or_raw,data2/data/raw/hundred_new/IMG_1667901460226.jpg
SRC_001895,PN_100_0016,100,kaggle_or_raw,data2/data/raw/hundred_new/IMG_1667901473448.jpg
SRC_001896,PN_100_0016,100,kaggle_or_raw,data2/data/raw/hundred_new/IMG_1667901503113(1).jpg
SRC_001897,PN_100_0016,100,kaggle_or_raw,data2/data/raw/hundred_new/IMG_1667901503113.jpg
SRC_001898,PN_100_0016,100,kaggle_or_raw,data2/data/raw/hundred_new/IMG_1667901511863(1).jpg
SRC_001899,PN_100_0016,100,kaggle_or_raw,data2/data/raw/hundred_new/IMG_1667901511863.jpg
SRC_001900,PN_100_0016,100,kaggle_or_raw,data2/data/raw/hundred_new/IMG_1667901534914(1).jpg
SRC_001901,PN_100_0016,100,kaggle_or_raw,data2/data/raw/hundred_new/IMG_1667901534914.jpg
SRC_001902,PN_100_0016,100,kaggle_or_raw,data2/data/raw/hundred_new/IMG_1667901552199(1).jpg
SRC_001903,PN_100_0016,100,kaggle_or_raw,data2/data/raw/hundred_new/IMG_1667901552199.jpg
SRC_001904,PN_100_0016,100,kaggle_or_raw,data2/data/raw/hundred_new/IMG_1667901584036(1).jpg
SRC_001905,PN_100_0016,100,kaggle_or_raw,data2/data/raw/hundred_new/IMG_1667901584036.jpg
SRC_001906,PN_100_0016,100,kaggle_or_raw,data2/data/raw/hundred_new/IMG_1667901591349(1).jpg
SRC_001907,PN_100_0016,100,kaggle_or_raw,data2/data/raw/hundred_new/IMG_1667901591349.jpg
SRC_001908,PN_100_0016,100,kaggle_or_raw,data2/data/raw/hundred_new/IMG_1667901605193(1).jpg
SRC_001909,PN_100_0016,100,kaggle_or_raw,data2/data/raw/hundred_new/IMG_1667901605193.jpg
SRC_001910,PN_100_0017,100,kaggle_or_raw,data2/data/raw/hundred_new/IMG_1667901980029.jpg
SRC_001911,PN_100_0017,100,kaggle_or_raw,data2/data/raw/hundred_new/IMG_1667901991423.jpg
SRC_001912,PN_100_0017,100,kaggle_or_raw,data2/data/raw/hundred_new/IMG_1667901998847.jpg
SRC_001913,PN_100_0017,100,kaggle_or_raw,data2/data/raw/hundred_new/IMG_1667902016639.jpg
SRC_001914,PN_100_0017,100,kaggle_or_raw,data2/data/raw/hundred_new/IMG_1667902028945.jpg
SRC_001915,PN_100_0017,100,kaggle_or_raw,data2/data/raw/hundred_new/IMG_1667902042758.jpg
SRC_001916,PN_100_0017,100,kaggle_or_raw,data2/data/raw/hundred_new/IMG_1667902055753.jpg
SRC_001917,PN_100_0017,100,kaggle_or_raw,data2/data/raw/hundred_new/IMG_1667902072897.jpg
SRC_001918,PN_100_0017,100,kaggle_or_raw,data2/data/raw/hundred_new/IMG_1667902080323.jpg
SRC_001919,PN_100_0017,100,kaggle_or_raw,data2/data/raw/hundred_new/IMG_1667902099819.jpg
SRC_001920,PN_100_0001,100,kaggle_or_raw,data2/data/raw/hundred_old/IMG_1666266483231.jpg
SRC_001921,PN_100_0001,100,kaggle_or_raw,data2/data/raw/hundred_old/IMG_1666266487927.jpg
SRC_001922,PN_100_0001,100,kaggle_or_raw,data2/data/raw/hundred_old/IMG_1666266502037.jpg
SRC_001923,PN_100_0001,100,kaggle_or_raw,data2/data/raw/hundred_old/IMG_1666266520221.jpg
SRC_001924,PN_100_0001,100,kaggle_or_raw,data2/data/raw/hundred_old/IMG_1666266534808.jpg
SRC_001925,PN_100_0001,100,kaggle_or_raw,data2/data/raw/hundred_old/IMG_1666266545274.jpg
SRC_001926,PN_100_0001,100,kaggle_or_raw,data2/data/raw/hundred_old/IMG_1666266559326.jpg
SRC_001927,PN_100_0001,100,kaggle_or_raw,data2/data/raw/hundred_old/IMG_1666266566906.jpg
SRC_001928,PN_100_0001,100,kaggle_or_raw,data2/data/raw/hundred_old/IMG_1666266576787.jpg
SRC_001929,PN_100_0001,100,kaggle_or_raw,data2/data/raw/hundred_old/IMG_1666266588744.jpg
SRC_001930,PN_100_0001,100,kaggle_or_raw,data2/data/raw/hundred_old/IMG_1666266608510.jpg
SRC_001931,PN_100_0001,100,kaggle_or_raw,data2/data/raw/hundred_old/IMG_1666266617732.jpg
SRC_001932,PN_100_0001,100,kaggle_or_raw,data2/data/raw/hundred_old/IMG_1666266622835.jpg
SRC_001933,PN_100_0001,100,kaggle_or_raw,data2/data/raw/hundred_old/IMG_1666266628201.jpg
SRC_001934,PN_100_0001,100,kaggle_or_raw,data2/data/raw/hundred_old/IMG_1666266646378.jpg
SRC_001935,PN_100_0001,100,kaggle_or_raw,data2/data/raw/hundred_old/IMG_1666266654558.jpg
SRC_001936,PN_100_0001,100,kaggle_or_raw,data2/data/raw/hundred_old/IMG_1666266674410.jpg
SRC_001937,PN_100_0001,100,kaggle_or_raw,data2/data/raw/hundred_old/IMG_1666266688298.jpg
SRC_001938,PN_100_0001,100,kaggle_or_raw,data2/data/raw/hundred_old/IMG_1666266698761.jpg
SRC_001939,PN_100_0001,100,kaggle_or_raw,data2/data/raw/hundred_old/IMG_1666266710428.jpg
SRC_001940,PN_100_0001,100,kaggle_or_raw,data2/data/raw/hundred_old/IMG_1666266721383.jpg
SRC_001941,PN_100_0001,100,kaggle_or_raw,data2/data/raw/hundred_old/IMG_1666266733902.jpg
SRC_001942,PN_100_0005,100,kaggle_or_raw,data2/data/raw/hundred_old/IMG_1666270458054.jpg
SRC_001943,PN_100_0005,100,kaggle_or_raw,data2/data/raw/hundred_old/IMG_1666270464248.jpg
SRC_001944,PN_100_0005,100,kaggle_or_raw,data2/data/raw/hundred_old/IMG_1666270487409.jpg
SRC_001945,PN_100_0005,100,kaggle_or_raw,data2/data/raw/hundred_old/IMG_1666270495374.jpg
SRC_001946,PN_100_0005,100,kaggle_or_raw,data2/data/raw/hundred_old/IMG_1666270497473.jpg
SRC_001947,PN_100_0005,100,kaggle_or_raw,data2/data/raw/hundred_old/IMG_1666270524082.jpg
SRC_001948,PN_100_0005,100,kaggle_or_raw,data2/data/raw/hundred_old/IMG_1666270530162.jpg
SRC_001949,PN_100_0005,100,kaggle_or_raw,data2/data/raw/hundred_old/IMG_1666270535407.jpg
SRC_001950,PN_100_0005,100,kaggle_or_raw,data2/data/raw/hundred_old/IMG_1666270540769.jpg
SRC_001951,PN_100_0005,100,kaggle_or_raw,data2/data/raw/hundred_old/IMG_1666270551813.jpg
SRC_001952,PN_100_0005,100,kaggle_or_raw,data2/data/raw/hundred_old/IMG_1666270556531.jpg
SRC_001953,PN_100_0005,100,kaggle_or_raw,data2/data/raw/hundred_old/IMG_1666270571670.jpg
SRC_001954,PN_100_0005,100,kaggle_or_raw,data2/data/raw/hundred_old/IMG_1666270576211.jpg
SRC_001955,PN_100_0005,100,kaggle_or_raw,data2/data/raw/hundred_old/IMG_1666270581508.jpg
SRC_001956,PN_100_0005,100,kaggle_or_raw,data2/data/raw/hundred_old/IMG_1666270592396.jpg
SRC_001957,PN_100_0005,100,kaggle_or_raw,data2/data/raw/hundred_old/IMG_1666270607876.jpg
SRC_001958,PN_100_0005,100,kaggle_or_raw,data2/data/raw/hundred_old/IMG_1666270612307.jpg
SRC_001959,PN_100_0005,100,kaggle_or_raw,data2/data/raw/hundred_old/IMG_1666270631565.jpg
SRC_001960,PN_100_0005,100,kaggle_or_raw,data2/data/raw/hundred_old/IMG_1666270640615.jpg
SRC_001961,PN_100_0005,100,kaggle_or_raw,data2/data/raw/hundred_old/IMG_1666270657220.jpg
SRC_001962,PN_100_0005,100,kaggle_or_raw,data2/data/raw/hundred_old/IMG_1666270662447.jpg
SRC_001963,PN_100_0005,100,kaggle_or_raw,data2/data/raw/hundred_old/IMG_1666270669674.jpg
SRC_001964,PN_100_0005,100,kaggle_or_raw,data2/data/raw/hundred_old/IMG_1666270682388.jpg
SRC_001965,PN_100_0005,100,kaggle_or_raw,data2/data/raw/hundred_old/IMG_1666270695250.jpg
SRC_001966,PN_100_0005,100,kaggle_or_raw,data2/data/raw/hundred_old/IMG_1666270706926.jpg
SRC_001967,PN_100_0005,100,kaggle_or_raw,data2/data/raw/hundred_old/IMG_1666270712783.jpg
SRC_001968,PN_100_0005,100,kaggle_or_raw,data2/data/raw/hundred_old/IMG_1666270721989.jpg
SRC_001969,PN_100_0005,100,kaggle_or_raw,data2/data/raw/hundred_old/IMG_1666270732198.jpg
SRC_001970,PN_100_0005,100,kaggle_or_raw,data2/data/raw/hundred_old/IMG_1666270737788.jpg
SRC_001971,PN_100_0005,100,kaggle_or_raw,data2/data/raw/hundred_old/IMG_1666270746430.jpg
SRC_001972,PN_100_0005,100,kaggle_or_raw,data2/data/raw/hundred_old/IMG_1666270751832.jpg
SRC_001973,PN_100_0005,100,kaggle_or_raw,data2/data/raw/hundred_old/IMG_1666270759883.jpg
SRC_001974,PN_100_0005,100,kaggle_or_raw,data2/data/raw/hundred_old/IMG_1666270764980.jpg
SRC_001975,PN_100_0006,100,kaggle_or_raw,data2/data/raw/hundred_old/IMG_1667894121600.jpg
SRC_001976,PN_100_0006,100,kaggle_or_raw,data2/data/raw/hundred_old/IMG_1667894128660.jpg
SRC_001977,PN_100_0006,100,kaggle_or_raw,data2/data/raw/hundred_old/IMG_1667894151547.jpg
SRC_001978,PN_100_0006,100,kaggle_or_raw,data2/data/raw/hundred_old/IMG_1667894156976.jpg
SRC_001979,PN_100_0006,100,kaggle_or_raw,data2/data/raw/hundred_old/IMG_1667894167401.jpg
SRC_001980,PN_100_0006,100,kaggle_or_raw,data2/data/raw/hundred_old/IMG_1667894172754.jpg
SRC_001981,PN_100_0006,100,kaggle_or_raw,data2/data/raw/hundred_old/IMG_1667894178650.jpg
SRC_001982,PN_100_0006,100,kaggle_or_raw,data2/data/raw/hundred_old/IMG_1667894190307.jpg
SRC_001983,PN_100_0006,100,kaggle_or_raw,data2/data/raw/hundred_old/IMG_1667894205740.jpg
SRC_001984,PN_100_0007,100,kaggle_or_raw,data2/data/raw/hundred_old/IMG_1667894306562.jpg
SRC_001985,PN_100_0007,100,kaggle_or_raw,data2/data/raw/hundred_old/IMG_1667894314927.jpg
SRC_001986,PN_100_0007,100,kaggle_or_raw,data2/data/raw/hundred_old/IMG_1667894322031.jpg
SRC_001987,PN_100_0007,100,kaggle_or_raw,data2/data/raw/hundred_old/IMG_1667894341555.jpg
SRC_001988,PN_100_0007,100,kaggle_or_raw,data2/data/raw/hundred_old/IMG_1667894346861.jpg
SRC_001989,PN_100_0007,100,kaggle_or_raw,data2/data/raw/hundred_old/IMG_1667894370613.jpg
SRC_001990,PN_100_0007,100,kaggle_or_raw,data2/data/raw/hundred_old/IMG_1667894378129.jpg
SRC_001991,PN_100_0007,100,kaggle_or_raw,data2/data/raw/hundred_old/IMG_1667894393449.jpg
SRC_001992,PN_100_0007,100,kaggle_or_raw,data2/data/raw/hundred_old/IMG_1667894416784.jpg
SRC_001993,PN_100_0007,100,kaggle_or_raw,data2/data/raw/hundred_old/IMG_1667894421778.jpg
SRC_001994,PN_100_0007,100,kaggle_or_raw,data2/data/raw/hundred_old/IMG_1667894428481.jpg
SRC_001995,PN_100_0007,100,kaggle_or_raw,data2/data/raw/hundred_old/IMG_1667894438848.jpg
SRC_001996,PN_100_0007,100,kaggle_or_raw,data2/data/raw/hundred_old/IMG_1667894445170.jpg
SRC_001997,PN_100_0007,100,kaggle_or_raw,data2/data/raw/hundred_old/IMG_1667894452003.jpg
SRC_001998,PN_100_0007,100,kaggle_or_raw,data2/data/raw/hundred_old/IMG_1667894458670.jpg
SRC_001999,PN_100_0007,100,kaggle_or_raw,data2/data/raw/hundred_old/IMG_1667894465039.jpg
SRC_002000,PN_100_0007,100,kaggle_or_raw,data2/data/raw/hundred_old/IMG_1667894475418.jpg
SRC_002001,PN_100_0007,100,kaggle_or_raw,data2/data/raw/hundred_old/IMG_1667894486460.jpg
SRC_002002,PN_100_0007,100,kaggle_or_raw,data2/data/raw/hundred_old/IMG_1667894493464.jpg
SRC_002003,PN_100_0007,100,kaggle_or_raw,data2/data/raw/hundred_old/IMG_1667894502490.jpg
SRC_002004,PN_100_0007,100,kaggle_or_raw,data2/data/raw/hundred_old/IMG_1667894508888.jpg
SRC_002005,PN_100_0007,100,kaggle_or_raw,data2/data/raw/hundred_old/IMG_1667894516123.jpg
SRC_002006,PN_100_0007,100,kaggle_or_raw,data2/data/raw/hundred_old/IMG_1667894558279.jpg
SRC_002007,PN_100_0007,100,kaggle_or_raw,data2/data/raw/hundred_old/IMG_1667894562696.jpg
SRC_002008,PN_100_0007,100,kaggle_or_raw,data2/data/raw/hundred_old/IMG_1667894568311.jpg
SRC_002009,PN_100_0007,100,kaggle_or_raw,data2/data/raw/hundred_old/IMG_1667894579665.jpg
SRC_002010,PN_100_0007,100,kaggle_or_raw,data2/data/raw/hundred_old/IMG_1667894586843.jpg
SRC_002011,PN_100_0007,100,kaggle_or_raw,data2/data/raw/hundred_old/IMG_1667894594581.jpg
SRC_002012,PN_100_0007,100,kaggle_or_raw,data2/data/raw/hundred_old/IMG_1667894604369.jpg
SRC_002013,PN_100_0007,100,kaggle_or_raw,data2/data/raw/hundred_old/IMG_1667894608964.jpg
SRC_002014,PN_100_0007,100,kaggle_or_raw,data2/data/raw/hundred_old/IMG_1667894614686.jpg
SRC_002015,PN_100_0007,100,kaggle_or_raw,data2/data/raw/hundred_old/IMG_1667894626559.jpg
SRC_002016,PN_100_0007,100,kaggle_or_raw,data2/data/raw/hundred_old/IMG_1667894639839.jpg
SRC_002017,PN_100_0007,100,kaggle_or_raw,data2/data/raw/hundred_old/IMG_1667894646073.jpg
SRC_002018,PN_100_0007,100,kaggle_or_raw,data2/data/raw/hundred_old/IMG_1667894650611.jpg
SRC_002019,PN_100_0007,100,kaggle_or_raw,data2/data/raw/hundred_old/IMG_1667894656691.jpg
SRC_002020,PN_100_0007,100,kaggle_or_raw,data2/data/raw/hundred_old/IMG_1667894660677.jpg
SRC_002021,PN_100_0007,100,kaggle_or_raw,data2/data/raw/hundred_old/IMG_1667894665212.jpg
SRC_002022,PN_100_0007,100,kaggle_or_raw,data2/data/raw/hundred_old/IMG_1667894671943.jpg
SRC_002023,PN_100_0007,100,kaggle_or_raw,data2/data/raw/hundred_old/IMG_1667894686382.jpg
SRC_002024,PN_100_0007,100,kaggle_or_raw,data2/data/raw/hundred_old/IMG_1667894690922.jpg
SRC_002025,PN_100_0007,100,kaggle_or_raw,data2/data/raw/hundred_old/IMG_1667894698022.jpg
SRC_002026,PN_100_0007,100,kaggle_or_raw,data2/data/raw/hundred_old/IMG_1667894704050.jpg
SRC_002027,PN_200_0023,200,kaggle_or_raw,data2/data/raw/two_hundred/IMG20221107204936.jpg
SRC_002028,PN_200_0023,200,kaggle_or_raw,data2/data/raw/two_hundred/IMG20221107204948.jpg
SRC_002029,PN_200_0023,200,kaggle_or_raw,data2/data/raw/two_hundred/IMG20221107204956.jpg
SRC_002030,PN_200_0023,200,kaggle_or_raw,data2/data/raw/two_hundred/IMG20221107205009.jpg
SRC_002031,PN_200_0023,200,kaggle_or_raw,data2/data/raw/two_hundred/IMG20221107205015.jpg
SRC_002032,PN_200_0023,200,kaggle_or_raw,data2/data/raw/two_hundred/IMG20221107205030.jpg
SRC_002033,PN_200_0001,200,kaggle_or_raw,data2/data/raw/two_hundred/IMG_1666266463693.jpg
SRC_002034,PN_200_0001,200,kaggle_or_raw,data2/data/raw/two_hundred/IMG_1666266475290.jpg
SRC_002035,PN_200_0001,200,kaggle_or_raw,data2/data/raw/two_hundred/IMG_1666266501835.jpg
SRC_002036,PN_200_0001,200,kaggle_or_raw,data2/data/raw/two_hundred/IMG_1666266522542.jpg
SRC_002037,PN_200_0001,200,kaggle_or_raw,data2/data/raw/two_hundred/IMG_1666266550244.jpg
SRC_002038,PN_200_0001,200,kaggle_or_raw,data2/data/raw/two_hundred/IMG_1666266566221.jpg
SRC_002039,PN_200_0002,200,kaggle_or_raw,data2/data/raw/two_hundred/IMG_1666266627719.jpg
SRC_002040,PN_200_0002,200,kaggle_or_raw,data2/data/raw/two_hundred/IMG_1666266651726.jpg
SRC_002041,PN_200_0003,200,kaggle_or_raw,data2/data/raw/two_hundred/IMG_1666267264564.jpg
SRC_002042,PN_200_0003,200,kaggle_or_raw,data2/data/raw/two_hundred/IMG_1666267294160.jpg
SRC_002043,PN_200_0004,200,kaggle_or_raw,data2/data/raw/two_hundred/IMG_1666267391965.jpg
SRC_002044,PN_200_0005,200,kaggle_or_raw,data2/data/raw/two_hundred/IMG_1666267600979.jpg
SRC_002045,PN_200_0005,200,kaggle_or_raw,data2/data/raw/two_hundred/IMG_1666267607020.jpg
SRC_002046,PN_200_0005,200,kaggle_or_raw,data2/data/raw/two_hundred/IMG_1666267614508.jpg
SRC_002047,PN_200_0005,200,kaggle_or_raw,data2/data/raw/two_hundred/IMG_1666267625636.jpg
SRC_002048,PN_200_0005,200,kaggle_or_raw,data2/data/raw/two_hundred/IMG_1666267637348.jpg
SRC_002049,PN_200_0005,200,kaggle_or_raw,data2/data/raw/two_hundred/IMG_1666267648511.jpg
SRC_002050,PN_200_0005,200,kaggle_or_raw,data2/data/raw/two_hundred/IMG_1666267664792.jpg
SRC_002051,PN_200_0005,200,kaggle_or_raw,data2/data/raw/two_hundred/IMG_1666267671119.jpg
SRC_002052,PN_200_0005,200,kaggle_or_raw,data2/data/raw/two_hundred/IMG_1666267686073.jpg
SRC_002053,PN_200_0005,200,kaggle_or_raw,data2/data/raw/two_hundred/IMG_1666267700105.jpg
SRC_002054,PN_200_0005,200,kaggle_or_raw,data2/data/raw/two_hundred/IMG_1666267735689.jpg
SRC_002055,PN_200_0005,200,kaggle_or_raw,data2/data/raw/two_hundred/IMG_1666267740736.jpg
SRC_002056,PN_200_0005,200,kaggle_or_raw,data2/data/raw/two_hundred/IMG_1666267747461.jpg
SRC_002057,PN_200_0005,200,kaggle_or_raw,data2/data/raw/two_hundred/IMG_1666267777619.jpg
SRC_002058,PN_200_0005,200,kaggle_or_raw,data2/data/raw/two_hundred/IMG_1666267781923.jpg
SRC_002059,PN_200_0005,200,kaggle_or_raw,data2/data/raw/two_hundred/IMG_1666267790006.jpg
SRC_002060,PN_200_0005,200,kaggle_or_raw,data2/data/raw/two_hundred/IMG_1666267809833.jpg
SRC_002061,PN_200_0005,200,kaggle_or_raw,data2/data/raw/two_hundred/IMG_1666267824578.jpg
SRC_002062,PN_200_0006,200,kaggle_or_raw,data2/data/raw/two_hundred/IMG_1666267914080.jpg
SRC_002063,PN_200_0006,200,kaggle_or_raw,data2/data/raw/two_hundred/IMG_1666267924799.jpg
SRC_002064,PN_200_0006,200,kaggle_or_raw,data2/data/raw/two_hundred/IMG_1666267937039.jpg
SRC_002065,PN_200_0006,200,kaggle_or_raw,data2/data/raw/two_hundred/IMG_1666267947179.jpg
SRC_002066,PN_200_0006,200,kaggle_or_raw,data2/data/raw/two_hundred/IMG_1666267957686.jpg
SRC_002067,PN_200_0007,200,kaggle_or_raw,data2/data/raw/two_hundred/IMG_1667833132161.jpg
SRC_002068,PN_200_0007,200,kaggle_or_raw,data2/data/raw/two_hundred/IMG_1667833144033.jpg
SRC_002069,PN_200_0007,200,kaggle_or_raw,data2/data/raw/two_hundred/IMG_1667833201320.jpg
SRC_002070,PN_200_0008,200,kaggle_or_raw,data2/data/raw/two_hundred/IMG_1667833303332.jpg
SRC_002071,PN_200_0008,200,kaggle_or_raw,data2/data/raw/two_hundred/IMG_1667833304726.jpg
SRC_002072,PN_200_0008,200,kaggle_or_raw,data2/data/raw/two_hundred/IMG_1667833321066.jpg
SRC_002073,PN_200_0009,200,kaggle_or_raw,data2/data/raw/two_hundred/IMG_1667833445139.jpg
SRC_002074,PN_200_0009,200,kaggle_or_raw,data2/data/raw/two_hundred/IMG_1667833457786.jpg
SRC_002075,PN_200_0009,200,kaggle_or_raw,data2/data/raw/two_hundred/IMG_1667833465832.jpg
SRC_002076,PN_200_0009,200,kaggle_or_raw,data2/data/raw/two_hundred/IMG_1667833503986.jpg
SRC_002077,PN_200_0009,200,kaggle_or_raw,data2/data/raw/two_hundred/IMG_1667833519656.jpg
SRC_002078,PN_200_0009,200,kaggle_or_raw,data2/data/raw/two_hundred/IMG_1667833533569.jpg
SRC_002079,PN_200_0009,200,kaggle_or_raw,data2/data/raw/two_hundred/IMG_1667833540723.jpg
SRC_002080,PN_200_0009,200,kaggle_or_raw,data2/data/raw/two_hundred/IMG_1667833558791.jpg
SRC_002081,PN_200_0009,200,kaggle_or_raw,data2/data/raw/two_hundred/IMG_1667833585774.jpg
SRC_002082,PN_200_0009,200,kaggle_or_raw,data2/data/raw/two_hundred/IMG_1667833601397.jpg
SRC_002083,PN_200_0009,200,kaggle_or_raw,data2/data/raw/two_hundred/IMG_1667833615650.jpg
SRC_002084,PN_200_0009,200,kaggle_or_raw,data2/data/raw/two_hundred/IMG_1667833636872.jpg
SRC_002085,PN_200_0009,200,kaggle_or_raw,data2/data/raw/two_hundred/IMG_1667833672638.jpg
SRC_002086,PN_200_0009,200,kaggle_or_raw,data2/data/raw/two_hundred/IMG_1667833686622.jpg
SRC_002087,PN_200_0009,200,kaggle_or_raw,data2/data/raw/two_hundred/IMG_1667833692426.jpg
SRC_002088,PN_200_0009,200,kaggle_or_raw,data2/data/raw/two_hundred/IMG_1667833702917.jpg
SRC_002089,PN_200_0009,200,kaggle_or_raw,data2/data/raw/two_hundred/IMG_1667833714759.jpg
SRC_002090,PN_200_0009,200,kaggle_or_raw,data2/data/raw/two_hundred/IMG_1667833725794.jpg
SRC_002091,PN_200_0009,200,kaggle_or_raw,data2/data/raw/two_hundred/IMG_1667833734510.jpg
SRC_002092,PN_200_0009,200,kaggle_or_raw,data2/data/raw/two_hundred/IMG_1667833747636.jpg
SRC_002093,PN_200_0009,200,kaggle_or_raw,data2/data/raw/two_hundred/IMG_1667833793050.jpg
SRC_002094,PN_200_0009,200,kaggle_or_raw,data2/data/raw/two_hundred/IMG_1667833798690.jpg
SRC_002095,PN_200_0009,200,kaggle_or_raw,data2/data/raw/two_hundred/IMG_1667833807930.jpg
SRC_002096,PN_200_0009,200,kaggle_or_raw,data2/data/raw/two_hundred/IMG_1667833822589.jpg
SRC_002097,PN_200_0009,200,kaggle_or_raw,data2/data/raw/two_hundred/IMG_1667833836620.jpg
SRC_002098,PN_200_0009,200,kaggle_or_raw,data2/data/raw/two_hundred/IMG_1667833843925.jpg
SRC_002099,PN_200_0009,200,kaggle_or_raw,data2/data/raw/two_hundred/IMG_1667833852578.jpg
SRC_002100,PN_200_0009,200,kaggle_or_raw,data2/data/raw/two_hundred/IMG_1667833861233.jpg
SRC_002101,PN_200_0009,200,kaggle_or_raw,data2/data/raw/two_hundred/IMG_1667833886140.jpg
SRC_002102,PN_200_0009,200,kaggle_or_raw,data2/data/raw/two_hundred/IMG_1667833892964.jpg
SRC_002103,PN_200_0009,200,kaggle_or_raw,data2/data/raw/two_hundred/IMG_1667833898375.jpg
SRC_002104,PN_200_0009,200,kaggle_or_raw,data2/data/raw/two_hundred/IMG_1667833905824.jpg
SRC_002105,PN_200_0009,200,kaggle_or_raw,data2/data/raw/two_hundred/IMG_1667833911438.jpg
SRC_002106,PN_200_0009,200,kaggle_or_raw,data2/data/raw/two_hundred/IMG_1667833930488.jpg
SRC_002107,PN_200_0010,200,kaggle_or_raw,data2/data/raw/two_hundred/IMG_1667834058056.jpg
SRC_002108,PN_200_0010,200,kaggle_or_raw,data2/data/raw/two_hundred/IMG_1667834069440.jpg
SRC_002109,PN_200_0010,200,kaggle_or_raw,data2/data/raw/two_hundred/IMG_1667834077043.jpg
SRC_002110,PN_200_0010,200,kaggle_or_raw,data2/data/raw/two_hundred/IMG_1667834082080.jpg
SRC_002111,PN_200_0010,200,kaggle_or_raw,data2/data/raw/two_hundred/IMG_1667834102945.jpg
SRC_002112,PN_200_0010,200,kaggle_or_raw,data2/data/raw/two_hundred/IMG_1667834130166.jpg
SRC_002113,PN_200_0010,200,kaggle_or_raw,data2/data/raw/two_hundred/IMG_1667834141784.jpg
SRC_002114,PN_200_0010,200,kaggle_or_raw,data2/data/raw/two_hundred/IMG_1667834168405.jpg
SRC_002115,PN_200_0010,200,kaggle_or_raw,data2/data/raw/two_hundred/IMG_1667834195329.jpg
SRC_002116,PN_200_0010,200,kaggle_or_raw,data2/data/raw/two_hundred/IMG_1667834214553.jpg
SRC_002117,PN_200_0010,200,kaggle_or_raw,data2/data/raw/two_hundred/IMG_1667834230782.jpg
SRC_002118,PN_200_0011,200,kaggle_or_raw,data2/data/raw/two_hundred/IMG_1667834472557.jpg
SRC_002119,PN_200_0011,200,kaggle_or_raw,data2/data/raw/two_hundred/IMG_1667834483960.jpg
SRC_002120,PN_200_0011,200,kaggle_or_raw,data2/data/raw/two_hundred/IMG_1667834530899.jpg
SRC_002121,PN_200_0011,200,kaggle_or_raw,data2/data/raw/two_hundred/IMG_1667834539228.jpg
SRC_002122,PN_200_0011,200,kaggle_or_raw,data2/data/raw/two_hundred/IMG_1667834545412.jpg
SRC_002123,PN_200_0011,200,kaggle_or_raw,data2/data/raw/two_hundred/IMG_1667834554699.jpg
SRC_002124,PN_200_0011,200,kaggle_or_raw,data2/data/raw/two_hundred/IMG_1667834562154.jpg
SRC_002125,PN_200_0011,200,kaggle_or_raw,data2/data/raw/two_hundred/IMG_1667834586836.jpg
SRC_002126,PN_200_0011,200,kaggle_or_raw,data2/data/raw/two_hundred/IMG_1667834599324.jpg
SRC_002127,PN_200_0011,200,kaggle_or_raw,data2/data/raw/two_hundred/IMG_1667834610556.jpg
SRC_002128,PN_200_0012,200,kaggle_or_raw,data2/data/raw/two_hundred/IMG_1667834811100.jpg
SRC_002129,PN_200_0012,200,kaggle_or_raw,data2/data/raw/two_hundred/IMG_1667834839423.jpg
SRC_002130,PN_200_0012,200,kaggle_or_raw,data2/data/raw/two_hundred/IMG_1667834849137.jpg
SRC_002131,PN_200_0012,200,kaggle_or_raw,data2/data/raw/two_hundred/IMG_1667834882990.jpg
SRC_002132,PN_200_0012,200,kaggle_or_raw,data2/data/raw/two_hundred/IMG_1667834894692.jpg
SRC_002133,PN_200_0012,200,kaggle_or_raw,data2/data/raw/two_hundred/IMG_1667834899989.jpg
SRC_002134,PN_200_0012,200,kaggle_or_raw,data2/data/raw/two_hundred/IMG_1667834905542.jpg
SRC_002135,PN_200_0013,200,kaggle_or_raw,data2/data/raw/two_hundred/IMG_1667835764449.jpg
SRC_002136,PN_200_0013,200,kaggle_or_raw,data2/data/raw/two_hundred/IMG_1667835771273.jpg
SRC_002137,PN_200_0013,200,kaggle_or_raw,data2/data/raw/two_hundred/IMG_1667835796824.jpg
SRC_002138,PN_200_0013,200,kaggle_or_raw,data2/data/raw/two_hundred/IMG_1667835812510.jpg
SRC_002139,PN_200_0013,200,kaggle_or_raw,data2/data/raw/two_hundred/IMG_1667835823330.jpg
SRC_002140,PN_200_0013,200,kaggle_or_raw,data2/data/raw/two_hundred/IMG_1667835865222.jpg
SRC_002141,PN_200_0013,200,kaggle_or_raw,data2/data/raw/two_hundred/IMG_1667835871739.jpg
SRC_002142,PN_200_0013,200,kaggle_or_raw,data2/data/raw/two_hundred/IMG_1667835922331.jpg
SRC_002143,PN_200_0013,200,kaggle_or_raw,data2/data/raw/two_hundred/IMG_1667835936055.jpg
SRC_002144,PN_200_0013,200,kaggle_or_raw,data2/data/raw/two_hundred/IMG_1667835947323.jpg
SRC_002145,PN_200_0013,200,kaggle_or_raw,data2/data/raw/two_hundred/IMG_1667835959418.jpg
SRC_002146,PN_200_0013,200,kaggle_or_raw,data2/data/raw/two_hundred/IMG_1667835997592.jpg
SRC_002147,PN_200_0013,200,kaggle_or_raw,data2/data/raw/two_hundred/IMG_1667836010783.jpg
SRC_002148,PN_200_0014,200,kaggle_or_raw,data2/data/raw/two_hundred/IMG_1667836087947.jpg
SRC_002149,PN_200_0014,200,kaggle_or_raw,data2/data/raw/two_hundred/IMG_1667836097745.jpg
SRC_002150,PN_200_0015,200,kaggle_or_raw,data2/data/raw/two_hundred/IMG_1667844335435.jpg
SRC_002151,PN_200_0015,200,kaggle_or_raw,data2/data/raw/two_hundred/IMG_1667844350195.jpg
SRC_002152,PN_200_0015,200,kaggle_or_raw,data2/data/raw/two_hundred/IMG_1667844379714.jpg
SRC_002153,PN_200_0015,200,kaggle_or_raw,data2/data/raw/two_hundred/IMG_1667844384846.jpg
SRC_002154,PN_200_0015,200,kaggle_or_raw,data2/data/raw/two_hundred/IMG_1667844403403.jpg
SRC_002155,PN_200_0015,200,kaggle_or_raw,data2/data/raw/two_hundred/IMG_1667844412324.jpg
SRC_002156,PN_200_0015,200,kaggle_or_raw,data2/data/raw/two_hundred/IMG_1667844425468.jpg
SRC_002157,PN_200_0015,200,kaggle_or_raw,data2/data/raw/two_hundred/IMG_1667844438650.jpg
SRC_002158,PN_200_0015,200,kaggle_or_raw,data2/data/raw/two_hundred/IMG_1667844449965.jpg
SRC_002159,PN_200_0015,200,kaggle_or_raw,data2/data/raw/two_hundred/IMG_1667844466008.jpg
SRC_002160,PN_200_0015,200,kaggle_or_raw,data2/data/raw/two_hundred/IMG_1667844473428.jpg
SRC_002161,PN_200_0015,200,kaggle_or_raw,data2/data/raw/two_hundred/IMG_1667844522186.jpg
SRC_002162,PN_200_0015,200,kaggle_or_raw,data2/data/raw/two_hundred/IMG_1667844532841.jpg
SRC_002163,PN_200_0015,200,kaggle_or_raw,data2/data/raw/two_hundred/IMG_1667844558923.jpg
SRC_002164,PN_200_0015,200,kaggle_or_raw,data2/data/raw/two_hundred/IMG_1667844566793.jpg
SRC_002165,PN_200_0016,200,kaggle_or_raw,data2/data/raw/two_hundred/IMG_1667846774117.jpg
SRC_002166,PN_200_0016,200,kaggle_or_raw,data2/data/raw/two_hundred/IMG_1667846788159.jpg
SRC_002167,PN_200_0016,200,kaggle_or_raw,data2/data/raw/two_hundred/IMG_1667846796631.jpg
SRC_002168,PN_200_0016,200,kaggle_or_raw,data2/data/raw/two_hundred/IMG_1667846812205.jpg
SRC_002169,PN_200_0016,200,kaggle_or_raw,data2/data/raw/two_hundred/IMG_1667846832015.jpg
SRC_002170,PN_200_0017,200,kaggle_or_raw,data2/data/raw/two_hundred/IMG_1667846924693.jpg
SRC_002171,PN_200_0017,200,kaggle_or_raw,data2/data/raw/two_hundred/IMG_1667846938406.jpg
SRC_002172,PN_200_0017,200,kaggle_or_raw,data2/data/raw/two_hundred/IMG_1667846950200.jpg
SRC_002173,PN_200_0018,200,kaggle_or_raw,data2/data/raw/two_hundred/IMG_1667847052040.jpg
SRC_002174,PN_200_0018,200,kaggle_or_raw,data2/data/raw/two_hundred/IMG_1667847057084.jpg
SRC_002175,PN_200_0018,200,kaggle_or_raw,data2/data/raw/two_hundred/IMG_1667847074280.jpg
SRC_002176,PN_200_0019,200,kaggle_or_raw,data2/data/raw/two_hundred/IMG_1667847156145.jpg
SRC_002177,PN_200_0019,200,kaggle_or_raw,data2/data/raw/two_hundred/IMG_1667847171203.jpg
SRC_002178,PN_200_0019,200,kaggle_or_raw,data2/data/raw/two_hundred/IMG_1667847178194.jpg
SRC_002179,PN_200_0019,200,kaggle_or_raw,data2/data/raw/two_hundred/IMG_1667847186134.jpg
SRC_002180,PN_200_0019,200,kaggle_or_raw,data2/data/raw/two_hundred/IMG_1667847243015.jpg
SRC_002181,PN_200_0019,200,kaggle_or_raw,data2/data/raw/two_hundred/IMG_1667847255864.jpg
SRC_002182,PN_200_0020,200,kaggle_or_raw,data2/data/raw/two_hundred/IMG_1667849263576.jpg
SRC_002183,PN_200_0020,200,kaggle_or_raw,data2/data/raw/two_hundred/IMG_1667849295458.jpg
SRC_002184,PN_200_0020,200,kaggle_or_raw,data2/data/raw/two_hundred/IMG_1667849309235.jpg
SRC_002185,PN_200_0020,200,kaggle_or_raw,data2/data/raw/two_hundred/IMG_1667849321760.jpg
SRC_002186,PN_200_0020,200,kaggle_or_raw,data2/data/raw/two_hundred/IMG_1667849327163.jpg
SRC_002187,PN_200_0020,200,kaggle_or_raw,data2/data/raw/two_hundred/IMG_1667849337163.jpg
SRC_002188,PN_200_0021,200,kaggle_or_raw,data2/data/raw/two_hundred/IMG_1667888000826.jpg
SRC_002189,PN_200_0021,200,kaggle_or_raw,data2/data/raw/two_hundred/IMG_1667888004604.jpg
SRC_002190,PN_200_0021,200,kaggle_or_raw,data2/data/raw/two_hundred/IMG_1667888008122.jpg
SRC_002191,PN_200_0021,200,kaggle_or_raw,data2/data/raw/two_hundred/IMG_1667888012374.jpg
SRC_002192,PN_200_0021,200,kaggle_or_raw,data2/data/raw/two_hundred/IMG_1667888016632.jpg
SRC_002193,PN_200_0021,200,kaggle_or_raw,data2/data/raw/two_hundred/IMG_1667888020635.jpg
SRC_002194,PN_200_0021,200,kaggle_or_raw,data2/data/raw/two_hundred/IMG_1667888024706.jpg
SRC_002195,PN_200_0021,200,kaggle_or_raw,data2/data/raw/two_hundred/IMG_1667888027896.jpg
SRC_002196,PN_200_0021,200,kaggle_or_raw,data2/data/raw/two_hundred/IMG_1667888032158.jpg
SRC_002197,PN_200_0021,200,kaggle_or_raw,data2/data/raw/two_hundred/IMG_1667888035263.jpg
SRC_002198,PN_200_0021,200,kaggle_or_raw,data2/data/raw/two_hundred/IMG_1667888051868.jpg
SRC_002199,PN_200_0021,200,kaggle_or_raw,data2/data/raw/two_hundred/IMG_1667888056339.jpg
SRC_002200,PN_200_0021,200,kaggle_or_raw,data2/data/raw/two_hundred/IMG_1667888061558.jpg
SRC_002201,PN_200_0021,200,kaggle_or_raw,data2/data/raw/two_hundred/IMG_1667888065817.jpg
SRC_002202,PN_200_0021,200,kaggle_or_raw,data2/data/raw/two_hundred/IMG_1667888070007.jpg
SRC_002203,PN_200_0021,200,kaggle_or_raw,data2/data/raw/two_hundred/IMG_1667888073636.jpg
SRC_002204,PN_200_0021,200,kaggle_or_raw,data2/data/raw/two_hundred/IMG_1667888078072.jpg
SRC_002205,PN_200_0021,200,kaggle_or_raw,data2/data/raw/two_hundred/IMG_1667888082501.jpg
SRC_002206,PN_200_0021,200,kaggle_or_raw,data2/data/raw/two_hundred/IMG_1667888086551.jpg
SRC_002207,PN_200_0021,200,kaggle_or_raw,data2/data/raw/two_hundred/IMG_1667888090197.jpg
SRC_002208,PN_200_0021,200,kaggle_or_raw,data2/data/raw/two_hundred/IMG_1667888106140.jpg
SRC_002209,PN_200_0021,200,kaggle_or_raw,data2/data/raw/two_hundred/IMG_1667888111440.jpg
SRC_002210,PN_200_0021,200,kaggle_or_raw,data2/data/raw/two_hundred/IMG_1667888116256.jpg
SRC_002211,PN_200_0021,200,kaggle_or_raw,data2/data/raw/two_hundred/IMG_1667888120745.jpg
SRC_002212,PN_200_0021,200,kaggle_or_raw,data2/data/raw/two_hundred/IMG_1667888124575.jpg
SRC_002213,PN_200_0021,200,kaggle_or_raw,data2/data/raw/two_hundred/IMG_1667888128321.jpg
SRC_002214,PN_200_0021,200,kaggle_or_raw,data2/data/raw/two_hundred/IMG_1667888132603.jpg
SRC_002215,PN_200_0021,200,kaggle_or_raw,data2/data/raw/two_hundred/IMG_1667888137116.jpg
SRC_002216,PN_200_0021,200,kaggle_or_raw,data2/data/raw/two_hundred/IMG_1667888141550.jpg
SRC_002217,PN_200_0021,200,kaggle_or_raw,data2/data/raw/two_hundred/IMG_1667888145651.jpg
SRC_002218,PN_200_0021,200,kaggle_or_raw,data2/data/raw/two_hundred/IMG_1667888153449.jpg
SRC_002219,PN_200_0021,200,kaggle_or_raw,data2/data/raw/two_hundred/IMG_1667888158398.jpg
SRC_002220,PN_200_0021,200,kaggle_or_raw,data2/data/raw/two_hundred/IMG_1667888166021.jpg
SRC_002221,PN_200_0021,200,kaggle_or_raw,data2/data/raw/two_hundred/IMG_1667888170311.jpg
SRC_002222,PN_200_0021,200,kaggle_or_raw,data2/data/raw/two_hundred/IMG_1667888175907.jpg
SRC_002223,PN_200_0021,200,kaggle_or_raw,data2/data/raw/two_hundred/IMG_1667888181543.jpg
SRC_002224,PN_200_0021,200,kaggle_or_raw,data2/data/raw/two_hundred/IMG_1667888197738.jpg
SRC_002225,PN_200_0021,200,kaggle_or_raw,data2/data/raw/two_hundred/IMG_1667888201786.jpg
SRC_002226,PN_200_0021,200,kaggle_or_raw,data2/data/raw/two_hundred/IMG_1667888206249.jpg
SRC_002227,PN_200_0021,200,kaggle_or_raw,data2/data/raw/two_hundred/IMG_1667888210813.jpg
SRC_002228,PN_200_0021,200,kaggle_or_raw,data2/data/raw/two_hundred/IMG_1667888215203.jpg
SRC_002229,PN_200_0021,200,kaggle_or_raw,data2/data/raw/two_hundred/IMG_1667888219263.jpg
SRC_002230,PN_200_0021,200,kaggle_or_raw,data2/data/raw/two_hundred/IMG_1667888223330.jpg
SRC_002231,PN_200_0021,200,kaggle_or_raw,data2/data/raw/two_hundred/IMG_1667888227586.jpg
SRC_002232,PN_200_0021,200,kaggle_or_raw,data2/data/raw/two_hundred/IMG_1667888231879.jpg
SRC_002233,PN_200_0021,200,kaggle_or_raw,data2/data/raw/two_hundred/IMG_1667888236296.jpg
SRC_002234,PN_200_0021,200,kaggle_or_raw,data2/data/raw/two_hundred/IMG_1667888240660.jpg
SRC_002235,PN_200_0021,200,kaggle_or_raw,data2/data/raw/two_hundred/IMG_1667888244674.jpg
SRC_002236,PN_200_0021,200,kaggle_or_raw,data2/data/raw/two_hundred/IMG_1667888249424.jpg
SRC_002237,PN_200_0021,200,kaggle_or_raw,data2/data/raw/two_hundred/IMG_1667888253694.jpg
SRC_002238,PN_200_0021,200,kaggle_or_raw,data2/data/raw/two_hundred/IMG_1667888257757.jpg
SRC_002239,PN_200_0021,200,kaggle_or_raw,data2/data/raw/two_hundred/IMG_1667888263040.jpg
SRC_002240,PN_200_0021,200,kaggle_or_raw,data2/data/raw/two_hundred/IMG_1667888278128.jpg
SRC_002241,PN_200_0021,200,kaggle_or_raw,data2/data/raw/two_hundred/IMG_1667888282033.jpg
SRC_002242,PN_200_0021,200,kaggle_or_raw,data2/data/raw/two_hundred/IMG_1667888286351.jpg
SRC_002243,PN_200_0021,200,kaggle_or_raw,data2/data/raw/two_hundred/IMG_1667888291143.jpg
SRC_002244,PN_200_0021,200,kaggle_or_raw,data2/data/raw/two_hundred/IMG_1667888303987.jpg
SRC_002245,PN_200_0021,200,kaggle_or_raw,data2/data/raw/two_hundred/IMG_1667888313654.jpg
SRC_002246,PN_200_0021,200,kaggle_or_raw,data2/data/raw/two_hundred/IMG_1667888318916.jpg
SRC_002247,PN_200_0021,200,kaggle_or_raw,data2/data/raw/two_hundred/IMG_1667888328363.jpg
SRC_002248,PN_200_0021,200,kaggle_or_raw,data2/data/raw/two_hundred/IMG_1667888336468.jpg
SRC_002249,PN_200_0021,200,kaggle_or_raw,data2/data/raw/two_hundred/IMG_1667888341912.jpg
SRC_002250,PN_200_0021,200,kaggle_or_raw,data2/data/raw/two_hundred/IMG_1667888348799.jpg
SRC_002251,PN_200_0021,200,kaggle_or_raw,data2/data/raw/two_hundred/IMG_1667888355662.jpg
SRC_002252,PN_200_0021,200,kaggle_or_raw,data2/data/raw/two_hundred/IMG_1667888372864.jpg
SRC_002253,PN_200_0021,200,kaggle_or_raw,data2/data/raw/two_hundred/IMG_1667888377713.jpg
SRC_002254,PN_200_0021,200,kaggle_or_raw,data2/data/raw/two_hundred/IMG_1667888390839.jpg
SRC_002255,PN_200_0021,200,kaggle_or_raw,data2/data/raw/two_hundred/IMG_1667888401680.jpg
SRC_002256,PN_200_0022,200,kaggle_or_raw,data2/data/raw/two_hundred/IMG_1667888484079.jpg
SRC_002257,PN_200_0022,200,kaggle_or_raw,data2/data/raw/two_hundred/IMG_1667888494324.jpg
SRC_002258,PN_200_0022,200,kaggle_or_raw,data2/data/raw/two_hundred/IMG_1667888523404.jpg
SRC_002259,PN_200_0022,200,kaggle_or_raw,data2/data/raw/two_hundred/IMG_1667888534634.jpg
SRC_002260,PN_200_0022,200,kaggle_or_raw,data2/data/raw/two_hundred/IMG_1667888550332.jpg
SRC_002261,PN_200_0022,200,kaggle_or_raw,data2/data/raw/two_hundred/IMG_1667888568041.jpg
SRC_002262,PN_200_0022,200,kaggle_or_raw,data2/data/raw/two_hundred/IMG_1667888572290.jpg
SRC_002263,PN_200_0022,200,kaggle_or_raw,data2/data/raw/two_hundred/IMG_1667888576524.jpg
SRC_002264,PN_200_0022,200,kaggle_or_raw,data2/data/raw/two_hundred/IMG_1667888580402.jpg
SRC_002265,PN_200_0022,200,kaggle_or_raw,data2/data/raw/two_hundred/IMG_1667888584332.jpg
SRC_002266,PN_200_0022,200,kaggle_or_raw,data2/data/raw/two_hundred/IMG_1667888594218.jpg
SRC_002267,PN_200_0022,200,kaggle_or_raw,data2/data/raw/two_hundred/IMG_1667888599081.jpg
SRC_002268,PN_200_0022,200,kaggle_or_raw,data2/data/raw/two_hundred/IMG_1667888604646.jpg
SRC_002269,PN_200_0022,200,kaggle_or_raw,data2/data/raw/two_hundred/IMG_1667888609916.jpg
SRC_002270,PN_200_0022,200,kaggle_or_raw,data2/data/raw/two_hundred/IMG_1667888613945.jpg
SRC_002271,PN_200_0022,200,kaggle_or_raw,data2/data/raw/two_hundred/IMG_1667888617731.jpg
SRC_002272,PN_200_0022,200,kaggle_or_raw,data2/data/raw/two_hundred/IMG_1667888622924.jpg
SRC_002273,PN_200_0022,200,kaggle_or_raw,data2/data/raw/two_hundred/IMG_1667888627062.jpg
SRC_002274,PN_200_0022,200,kaggle_or_raw,data2/data/raw/two_hundred/IMG_1667888635449.jpg
SRC_002275,PN_200_0022,200,kaggle_or_raw,data2/data/raw/two_hundred/IMG_1667888640850.jpg
SRC_002276,PN_200_0022,200,kaggle_or_raw,data2/data/raw/two_hundred/IMG_1667888655367.jpg
SRC_002277,PN_200_0022,200,kaggle_or_raw,data2/data/raw/two_hundred/IMG_1667888659851.jpg
SRC_002278,PN_200_0022,200,kaggle_or_raw,data2/data/raw/two_hundred/IMG_1667888665233.jpg
SRC_002279,PN_200_0022,200,kaggle_or_raw,data2/data/raw/two_hundred/IMG_1667888669879.jpg
SRC_002280,PN_200_0022,200,kaggle_or_raw,data2/data/raw/two_hundred/IMG_1667888675050.jpg
SRC_002281,PN_200_0022,200,kaggle_or_raw,data2/data/raw/two_hundred/IMG_1667888679380.jpg
SRC_002282,PN_200_0022,200,kaggle_or_raw,data2/data/raw/two_hundred/IMG_1667888686941.jpg
SRC_002283,PN_200_0022,200,kaggle_or_raw,data2/data/raw/two_hundred/IMG_1667888690839.jpg
SRC_002284,PN_200_0022,200,kaggle_or_raw,data2/data/raw/two_hundred/IMG_1667888700481.jpg
SRC_002285,PN_200_0022,200,kaggle_or_raw,data2/data/raw/two_hundred/IMG_1667888704989.jpg
SRC_002286,PN_200_0022,200,kaggle_or_raw,data2/data/raw/two_hundred/IMG_1667888712055.jpg
SRC_002287,PN_200_0022,200,kaggle_or_raw,data2/data/raw/two_hundred/IMG_1667888720599.jpg
SRC_002288,PN_200_0022,200,kaggle_or_raw,data2/data/raw/two_hundred/IMG_1667888724749.jpg
SRC_002289,PN_200_0022,200,kaggle_or_raw,data2/data/raw/two_hundred/IMG_1667888728165.jpg
SRC_002290,PN_200_0022,200,kaggle_or_raw,data2/data/raw/two_hundred/IMG_1667888732330.jpg
SRC_002291,PN_200_0022,200,kaggle_or_raw,data2/data/raw/two_hundred/IMG_1667888737017.jpg
SRC_002292,PN_200_0022,200,kaggle_or_raw,data2/data/raw/two_hundred/IMG_1667888740478.jpg
SRC_002293,PN_200_0022,200,kaggle_or_raw,data2/data/raw/two_hundred/IMG_1667888745089.jpg
SRC_002294,PN_200_0022,200,kaggle_or_raw,data2/data/raw/two_hundred/IMG_1667888748588.jpg
SRC_002295,PN_200_0022,200,kaggle_or_raw,data2/data/raw/two_hundred/IMG_1667888751906.jpg
SRC_002296,PN_200_0022,200,kaggle_or_raw,data2/data/raw/two_hundred/IMG_1667888755842.jpg
SRC_002297,PN_200_0022,200,kaggle_or_raw,data2/data/raw/two_hundred/IMG_1667888791817.jpg
SRC_002298,PN_200_0022,200,kaggle_or_raw,data2/data/raw/two_hundred/IMG_1667888795327.jpg
SRC_002299,PN_500_0001,500,kaggle_or_raw,data2/data/raw/five_hundred/IMG_1667849585988.jpg
SRC_002300,PN_500_0001,500,kaggle_or_raw,data2/data/raw/five_hundred/IMG_1667849603381.jpg
SRC_002301,PN_500_0001,500,kaggle_or_raw,data2/data/raw/five_hundred/IMG_1667849612634.jpg
SRC_002302,PN_500_0001,500,kaggle_or_raw,data2/data/raw/five_hundred/IMG_1667849622714.jpg
SRC_002303,PN_500_0001,500,kaggle_or_raw,data2/data/raw/five_hundred/IMG_1667849678544.jpg
SRC_002304,PN_500_0001,500,kaggle_or_raw,data2/data/raw/five_hundred/IMG_1667849689753.jpg
SRC_002305,PN_500_0001,500,kaggle_or_raw,data2/data/raw/five_hundred/IMG_1667849700360.jpg
SRC_002306,PN_500_0001,500,kaggle_or_raw,data2/data/raw/five_hundred/IMG_1667849716942.jpg
SRC_002307,PN_500_0001,500,kaggle_or_raw,data2/data/raw/five_hundred/IMG_1667849727220.jpg
SRC_002308,PN_500_0001,500,kaggle_or_raw,data2/data/raw/five_hundred/IMG_1667849757378.jpg
SRC_002309,PN_500_0001,500,kaggle_or_raw,data2/data/raw/five_hundred/IMG_1667849774454.jpg
SRC_002310,PN_500_0001,500,kaggle_or_raw,data2/data/raw/five_hundred/IMG_1667849783537.jpg
SRC_002311,PN_500_0001,500,kaggle_or_raw,data2/data/raw/five_hundred/IMG_1667849810462.jpg
SRC_002312,PN_500_0001,500,kaggle_or_raw,data2/data/raw/five_hundred/IMG_1667849830009.jpg
SRC_002313,PN_500_0001,500,kaggle_or_raw,data2/data/raw/five_hundred/IMG_1667849843181.jpg
SRC_002314,PN_500_0001,500,kaggle_or_raw,data2/data/raw/five_hundred/IMG_1667849871007.jpg
SRC_002315,PN_500_0001,500,kaggle_or_raw,data2/data/raw/five_hundred/IMG_1667849893852.jpg
SRC_002316,PN_500_0001,500,kaggle_or_raw,data2/data/raw/five_hundred/IMG_1667849913204.jpg
SRC_002317,PN_500_0001,500,kaggle_or_raw,data2/data/raw/five_hundred/IMG_1667849933579.jpg
SRC_002318,PN_500_0001,500,kaggle_or_raw,data2/data/raw/five_hundred/IMG_1667849992370.jpg
SRC_002319,PN_500_0001,500,kaggle_or_raw,data2/data/raw/five_hundred/IMG_1667850002972.jpg
SRC_002320,PN_500_0002,500,kaggle_or_raw,data2/data/raw/five_hundred/IMG_1667850099889.jpg
SRC_002321,PN_500_0002,500,kaggle_or_raw,data2/data/raw/five_hundred/IMG_1667850108539.jpg
SRC_002322,PN_500_0002,500,kaggle_or_raw,data2/data/raw/five_hundred/IMG_1667850119724.jpg
SRC_002323,PN_500_0002,500,kaggle_or_raw,data2/data/raw/five_hundred/IMG_1667850142171.jpg
SRC_002324,PN_500_0002,500,kaggle_or_raw,data2/data/raw/five_hundred/IMG_1667850145012.jpg
SRC_002325,PN_500_0003,500,kaggle_or_raw,data2/data/raw/five_hundred/IMG_1667850235347.jpg
SRC_002326,PN_500_0003,500,kaggle_or_raw,data2/data/raw/five_hundred/IMG_1667850245275.jpg
SRC_002327,PN_500_0003,500,kaggle_or_raw,data2/data/raw/five_hundred/IMG_1667850257712.jpg
SRC_002328,PN_500_0003,500,kaggle_or_raw,data2/data/raw/five_hundred/IMG_1667850274447.jpg
SRC_002329,PN_500_0003,500,kaggle_or_raw,data2/data/raw/five_hundred/IMG_1667850285985.jpg
SRC_002330,PN_500_0003,500,kaggle_or_raw,data2/data/raw/five_hundred/IMG_1667850308891.jpg
SRC_002331,PN_500_0003,500,kaggle_or_raw,data2/data/raw/five_hundred/IMG_1667850318073.jpg
SRC_002332,PN_500_0003,500,kaggle_or_raw,data2/data/raw/five_hundred/IMG_1667850349936.jpg
SRC_002333,PN_500_0003,500,kaggle_or_raw,data2/data/raw/five_hundred/IMG_1667850379355.jpg
SRC_002334,PN_500_0003,500,kaggle_or_raw,data2/data/raw/five_hundred/IMG_1667850387741.jpg
SRC_002335,PN_500_0003,500,kaggle_or_raw,data2/data/raw/five_hundred/IMG_1667850440645.jpg
SRC_002336,PN_500_0003,500,kaggle_or_raw,data2/data/raw/five_hundred/IMG_1667850459163.jpg
SRC_002337,PN_500_0003,500,kaggle_or_raw,data2/data/raw/five_hundred/IMG_1667850487214.jpg
SRC_002338,PN_500_0003,500,kaggle_or_raw,data2/data/raw/five_hundred/IMG_1667850535910.jpg
SRC_002339,PN_500_0003,500,kaggle_or_raw,data2/data/raw/five_hundred/IMG_1667850543363.jpg
SRC_002340,PN_500_0003,500,kaggle_or_raw,data2/data/raw/five_hundred/IMG_1667850553564.jpg
SRC_002341,PN_500_0003,500,kaggle_or_raw,data2/data/raw/five_hundred/IMG_1667850562244.jpg
SRC_002342,PN_500_0003,500,kaggle_or_raw,data2/data/raw/five_hundred/IMG_1667850591057.jpg
SRC_002343,PN_500_0003,500,kaggle_or_raw,data2/data/raw/five_hundred/IMG_1667850601332.jpg
SRC_002344,PN_500_0004,500,kaggle_or_raw,data2/data/raw/five_hundred/IMG_1667850666893.jpg
SRC_002345,PN_500_0004,500,kaggle_or_raw,data2/data/raw/five_hundred/IMG_1667850682383.jpg
SRC_002346,PN_500_0005,500,kaggle_or_raw,data2/data/raw/five_hundred/IMG_1667850746803.jpg
SRC_002347,PN_500_0005,500,kaggle_or_raw,data2/data/raw/five_hundred/IMG_1667850756432.jpg
SRC_002348,PN_500_0006,500,kaggle_or_raw,data2/data/raw/five_hundred/IMG_1667850998078.jpg
SRC_002349,PN_500_0006,500,kaggle_or_raw,data2/data/raw/five_hundred/IMG_1667851017456.jpg
SRC_002350,PN_500_0006,500,kaggle_or_raw,data2/data/raw/five_hundred/IMG_1667851031365.jpg
SRC_002351,PN_500_0007,500,kaggle_or_raw,data2/data/raw/five_hundred/IMG_1667851126018.jpg
SRC_002352,PN_500_0007,500,kaggle_or_raw,data2/data/raw/five_hundred/IMG_1667851140583.jpg
SRC_002353,PN_500_0007,500,kaggle_or_raw,data2/data/raw/five_hundred/IMG_1667851157095.jpg
SRC_002354,PN_500_0007,500,kaggle_or_raw,data2/data/raw/five_hundred/IMG_1667851177412.jpg
SRC_002355,PN_500_0007,500,kaggle_or_raw,data2/data/raw/five_hundred/IMG_1667851188045.jpg
SRC_002356,PN_500_0007,500,kaggle_or_raw,data2/data/raw/five_hundred/IMG_1667851212189.jpg
SRC_002357,PN_500_0007,500,kaggle_or_raw,data2/data/raw/five_hundred/IMG_1667851220331.jpg
SRC_002358,PN_500_0007,500,kaggle_or_raw,data2/data/raw/five_hundred/IMG_1667851231931.jpg
SRC_002359,PN_500_0007,500,kaggle_or_raw,data2/data/raw/five_hundred/IMG_1667851239744.jpg
SRC_002360,PN_500_0007,500,kaggle_or_raw,data2/data/raw/five_hundred/IMG_1667851251538.jpg
SRC_002361,PN_500_0007,500,kaggle_or_raw,data2/data/raw/five_hundred/IMG_1667851269738.jpg
SRC_002362,PN_500_0007,500,kaggle_or_raw,data2/data/raw/five_hundred/IMG_1667851280878.jpg
SRC_002363,PN_500_0008,500,kaggle_or_raw,data2/data/raw/five_hundred/IMG_1667851382242.jpg
SRC_002364,PN_500_0009,500,kaggle_or_raw,data2/data/raw/five_hundred/IMG_1667851538134.jpg
SRC_002365,PN_500_0009,500,kaggle_or_raw,data2/data/raw/five_hundred/IMG_1667851558300.jpg
SRC_002366,PN_500_0009,500,kaggle_or_raw,data2/data/raw/five_hundred/IMG_1667851573346.jpg
SRC_002367,PN_500_0010,500,kaggle_or_raw,data2/data/raw/five_hundred/IMG_1667851700476.jpg
SRC_002368,PN_500_0010,500,kaggle_or_raw,data2/data/raw/five_hundred/IMG_1667851741422.jpg
SRC_002369,PN_500_0010,500,kaggle_or_raw,data2/data/raw/five_hundred/IMG_1667851768697.jpg
SRC_002370,PN_500_0010,500,kaggle_or_raw,data2/data/raw/five_hundred/IMG_1667851794992.jpg
SRC_002371,PN_500_0010,500,kaggle_or_raw,data2/data/raw/five_hundred/IMG_1667851845923.jpg
SRC_002372,PN_500_0010,500,kaggle_or_raw,data2/data/raw/five_hundred/IMG_1667851876105.jpg
SRC_002373,PN_500_0010,500,kaggle_or_raw,data2/data/raw/five_hundred/IMG_1667851896801.jpg
SRC_002374,PN_500_0010,500,kaggle_or_raw,data2/data/raw/five_hundred/IMG_1667851919697.jpg
SRC_002375,PN_500_0010,500,kaggle_or_raw,data2/data/raw/five_hundred/IMG_1667851965125.jpg
SRC_002376,PN_500_0010,500,kaggle_or_raw,data2/data/raw/five_hundred/IMG_1667851996419.jpg
SRC_002377,PN_500_0010,500,kaggle_or_raw,data2/data/raw/five_hundred/IMG_1667852011881.jpg
SRC_002378,PN_500_0010,500,kaggle_or_raw,data2/data/raw/five_hundred/IMG_1667852030743.jpg
SRC_002379,PN_500_0010,500,kaggle_or_raw,data2/data/raw/five_hundred/IMG_1667852061508.jpg
SRC_002380,PN_500_0010,500,kaggle_or_raw,data2/data/raw/five_hundred/IMG_1667852086980.jpg
SRC_002381,PN_500_0010,500,kaggle_or_raw,data2/data/raw/five_hundred/IMG_1667852101106.jpg
SRC_002382,PN_500_0010,500,kaggle_or_raw,data2/data/raw/five_hundred/IMG_1667852158156.jpg
SRC_002383,PN_500_0010,500,kaggle_or_raw,data2/data/raw/five_hundred/IMG_1667852172740.jpg
SRC_002384,PN_500_0010,500,kaggle_or_raw,data2/data/raw/five_hundred/IMG_1667852205215.jpg
SRC_002385,PN_500_0010,500,kaggle_or_raw,data2/data/raw/five_hundred/IMG_1667852223783.jpg
SRC_002386,PN_500_0010,500,kaggle_or_raw,data2/data/raw/five_hundred/IMG_1667852237186.jpg
SRC_002387,PN_500_0010,500,kaggle_or_raw,data2/data/raw/five_hundred/IMG_1667852266885.jpg
SRC_002388,PN_500_0010,500,kaggle_or_raw,data2/data/raw/five_hundred/IMG_1667852282549.jpg
SRC_002389,PN_500_0010,500,kaggle_or_raw,data2/data/raw/five_hundred/IMG_1667852312691.jpg
SRC_002390,PN_500_0011,500,kaggle_or_raw,data2/data/raw/five_hundred/IMG_1667852393166.jpg
SRC_002391,PN_500_0011,500,kaggle_or_raw,data2/data/raw/five_hundred/IMG_1667852402908.jpg
SRC_002392,PN_500_0011,500,kaggle_or_raw,data2/data/raw/five_hundred/IMG_1667852417655.jpg
SRC_002393,PN_500_0011,500,kaggle_or_raw,data2/data/raw/five_hundred/IMG_1667852434840.jpg
SRC_002394,PN_500_0011,500,kaggle_or_raw,data2/data/raw/five_hundred/IMG_1667852486902.jpg
SRC_002395,PN_500_0011,500,kaggle_or_raw,data2/data/raw/five_hundred/IMG_1667852508965.jpg
SRC_002396,PN_500_0012,500,kaggle_or_raw,data2/data/raw/five_hundred/IMG_1667852585608.jpg
SRC_002397,PN_500_0012,500,kaggle_or_raw,data2/data/raw/five_hundred/IMG_1667852598438.jpg
SRC_002398,PN_500_0012,500,kaggle_or_raw,data2/data/raw/five_hundred/IMG_1667852630110.jpg
SRC_002399,PN_500_0012,500,kaggle_or_raw,data2/data/raw/five_hundred/IMG_1667852645398.jpg
SRC_002400,PN_500_0013,500,kaggle_or_raw,data2/data/raw/five_hundred/IMG_1667852735983.jpg
SRC_002401,PN_500_0014,500,kaggle_or_raw,data2/data/raw/five_hundred/IMG_1667852838487.jpg
SRC_002402,PN_500_0014,500,kaggle_or_raw,data2/data/raw/five_hundred/IMG_1667852854091.jpg
SRC_002403,PN_500_0014,500,kaggle_or_raw,data2/data/raw/five_hundred/IMG_1667852865723.jpg
SRC_002404,PN_500_0015,500,kaggle_or_raw,data2/data/raw/five_hundred/IMG_1667885699163.jpg
SRC_002405,PN_500_0015,500,kaggle_or_raw,data2/data/raw/five_hundred/IMG_1667885728843.jpg
SRC_002406,PN_500_0015,500,kaggle_or_raw,data2/data/raw/five_hundred/IMG_1667885755519.jpg
SRC_002407,PN_500_0015,500,kaggle_or_raw,data2/data/raw/five_hundred/IMG_1667885769466.jpg
SRC_002408,PN_500_0015,500,kaggle_or_raw,data2/data/raw/five_hundred/IMG_1667885786472.jpg
SRC_002409,PN_500_0015,500,kaggle_or_raw,data2/data/raw/five_hundred/IMG_1667885816240.jpg
SRC_002410,PN_500_0015,500,kaggle_or_raw,data2/data/raw/five_hundred/IMG_1667885856162.jpg
SRC_002411,PN_500_0015,500,kaggle_or_raw,data2/data/raw/five_hundred/IMG_1667885869368.jpg
SRC_002412,PN_500_0016,500,kaggle_or_raw,data2/data/raw/five_hundred/IMG_1667885947478.jpg
SRC_002413,PN_500_0016,500,kaggle_or_raw,data2/data/raw/five_hundred/IMG_1667885954903.jpg
SRC_002414,PN_500_0016,500,kaggle_or_raw,data2/data/raw/five_hundred/IMG_1667885997662.jpg
SRC_002415,PN_500_0016,500,kaggle_or_raw,data2/data/raw/five_hundred/IMG_1667886031412.jpg
SRC_002416,PN_500_0016,500,kaggle_or_raw,data2/data/raw/five_hundred/IMG_1667886049267.jpg
SRC_002417,PN_500_0017,500,kaggle_or_raw,data2/data/raw/five_hundred/IMG_1667886125916.jpg
SRC_002418,PN_500_0017,500,kaggle_or_raw,data2/data/raw/five_hundred/IMG_1667886141861.jpg
SRC_002419,PN_500_0017,500,kaggle_or_raw,data2/data/raw/five_hundred/IMG_1667886179503.jpg
SRC_002420,PN_500_0017,500,kaggle_or_raw,data2/data/raw/five_hundred/IMG_1667886197717.jpg
SRC_002421,PN_500_0017,500,kaggle_or_raw,data2/data/raw/five_hundred/IMG_1667886217489.jpg
SRC_002422,PN_500_0017,500,kaggle_or_raw,data2/data/raw/five_hundred/IMG_1667886228757.jpg
SRC_002423,PN_500_0017,500,kaggle_or_raw,data2/data/raw/five_hundred/IMG_1667886267871.jpg
SRC_002424,PN_500_0017,500,kaggle_or_raw,data2/data/raw/five_hundred/IMG_1667886292808.jpg
SRC_002425,PN_500_0017,500,kaggle_or_raw,data2/data/raw/five_hundred/IMG_1667886301947.jpg
SRC_002426,PN_500_0018,500,kaggle_or_raw,data2/data/raw/five_hundred/IMG_1667886464565.jpg
SRC_002427,PN_500_0018,500,kaggle_or_raw,data2/data/raw/five_hundred/IMG_1667886479083.jpg
SRC_002428,PN_500_0018,500,kaggle_or_raw,data2/data/raw/five_hundred/IMG_1667886489803.jpg
SRC_002429,PN_500_0018,500,kaggle_or_raw,data2/data/raw/five_hundred/IMG_1667886503062.jpg
SRC_002430,PN_500_0018,500,kaggle_or_raw,data2/data/raw/five_hundred/IMG_1667886532899.jpg
SRC_002431,PN_500_0018,500,kaggle_or_raw,data2/data/raw/five_hundred/IMG_1667886543567.jpg
SRC_002432,PN_500_0018,500,kaggle_or_raw,data2/data/raw/five_hundred/IMG_1667886593853.jpg
SRC_002433,PN_500_0018,500,kaggle_or_raw,data2/data/raw/five_hundred/IMG_1667886608400.jpg
SRC_002434,PN_500_0018,500,kaggle_or_raw,data2/data/raw/five_hundred/IMG_1667886614359.jpg
SRC_002435,PN_500_0018,500,kaggle_or_raw,data2/data/raw/five_hundred/IMG_1667886622799.jpg
SRC_002436,PN_500_0018,500,kaggle_or_raw,data2/data/raw/five_hundred/IMG_1667886632033.jpg
SRC_002437,PN_500_0018,500,kaggle_or_raw,data2/data/raw/five_hundred/IMG_1667886644926.jpg
SRC_002438,PN_500_0018,500,kaggle_or_raw,data2/data/raw/five_hundred/IMG_1667886651792.jpg
SRC_002439,PN_500_0018,500,kaggle_or_raw,data2/data/raw/five_hundred/IMG_1667886669380.jpg
SRC_002440,PN_500_0019,500,kaggle_or_raw,data2/data/raw/five_hundred/IMG_1667886761880.jpg
SRC_002441,PN_500_0019,500,kaggle_or_raw,data2/data/raw/five_hundred/IMG_1667886791930.jpg
SRC_002442,PN_500_0019,500,kaggle_or_raw,data2/data/raw/five_hundred/IMG_1667886831546.jpg
SRC_002443,PN_500_0019,500,kaggle_or_raw,data2/data/raw/five_hundred/IMG_1667886839879.jpg
SRC_002444,PN_500_0019,500,kaggle_or_raw,data2/data/raw/five_hundred/IMG_1667886849148.jpg
SRC_002445,PN_500_0020,500,kaggle_or_raw,data2/data/raw/five_hundred/IMG_1667888740858.jpg
SRC_002446,PN_500_0020,500,kaggle_or_raw,data2/data/raw/five_hundred/IMG_1667888751351.jpg
SRC_002447,PN_500_0020,500,kaggle_or_raw,data2/data/raw/five_hundred/IMG_1667888763445.jpg
SRC_002448,PN_500_0020,500,kaggle_or_raw,data2/data/raw/five_hundred/IMG_1667888769930.jpg
SRC_002449,PN_500_0020,500,kaggle_or_raw,data2/data/raw/five_hundred/IMG_1667888778334.jpg
SRC_002450,PN_500_0020,500,kaggle_or_raw,data2/data/raw/five_hundred/IMG_1667888821634.jpg
SRC_002451,PN_500_0020,500,kaggle_or_raw,data2/data/raw/five_hundred/IMG_1667888843637.jpg
SRC_002452,PN_500_0020,500,kaggle_or_raw,data2/data/raw/five_hundred/IMG_1667888883526.jpg
SRC_002453,PN_500_0020,500,kaggle_or_raw,data2/data/raw/five_hundred/IMG_1667888895491.jpg
SRC_002454,PN_500_0021,500,kaggle_or_raw,data2/data/raw/five_hundred/IMG_1667888980068.jpg
SRC_002455,PN_500_0021,500,kaggle_or_raw,data2/data/raw/five_hundred/IMG_1667889004084.jpg
SRC_002456,PN_500_0021,500,kaggle_or_raw,data2/data/raw/five_hundred/IMG_1667889011173.jpg
SRC_002457,PN_500_0021,500,kaggle_or_raw,data2/data/raw/five_hundred/IMG_1667889037976.jpg
SRC_002458,PN_500_0021,500,kaggle_or_raw,data2/data/raw/five_hundred/IMG_1667889058831.jpg
SRC_002459,PN_500_0021,500,kaggle_or_raw,data2/data/raw/five_hundred/IMG_1667889095507.jpg
SRC_002460,PN_500_0021,500,kaggle_or_raw,data2/data/raw/five_hundred/IMG_1667889111639.jpg
SRC_002461,PN_500_0021,500,kaggle_or_raw,data2/data/raw/five_hundred/IMG_1667889121240.jpg
SRC_002462,PN_500_0021,500,kaggle_or_raw,data2/data/raw/five_hundred/IMG_1667889138084.jpg
SRC_002463,PN_500_0022,500,kaggle_or_raw,data2/data/raw/five_hundred/IMG_1667889262783.jpg
SRC_002464,PN_500_0022,500,kaggle_or_raw,data2/data/raw/five_hundred/IMG_1667889305088.jpg
SRC_002465,PN_500_0022,500,kaggle_or_raw,data2/data/raw/five_hundred/IMG_1667889319792.jpg
SRC_002466,PN_500_0022,500,kaggle_or_raw,data2/data/raw/five_hundred/IMG_1667889354587.jpg
SRC_002467,PN_500_0023,500,kaggle_or_raw,data2/data/raw/five_hundred/IMG_1667889432211.jpg
SRC_002468,PN_500_0023,500,kaggle_or_raw,data2/data/raw/five_hundred/IMG_1667889464177.jpg
SRC_002469,PN_500_0023,500,kaggle_or_raw,data2/data/raw/five_hundred/IMG_1667889494128.jpg
SRC_002470,PN_500_0024,500,kaggle_or_raw,data2/data/raw/five_hundred/IMG_1667889567944.jpg
SRC_002471,PN_500_0024,500,kaggle_or_raw,data2/data/raw/five_hundred/IMG_1667889594328.jpg
SRC_002472,PN_500_0024,500,kaggle_or_raw,data2/data/raw/five_hundred/IMG_1667889614252.jpg
SRC_002473,PN_500_0024,500,kaggle_or_raw,data2/data/raw/five_hundred/IMG_1667889666210.jpg
SRC_002474,PN_500_0024,500,kaggle_or_raw,data2/data/raw/five_hundred/IMG_1667889681721.jpg
SRC_002475,PN_500_0025,500,kaggle_or_raw,data2/data/raw/five_hundred/IMG_1667889902186.jpg
SRC_002476,PN_500_0025,500,kaggle_or_raw,data2/data/raw/five_hundred/IMG_1667889921076.jpg
SRC_002477,PN_500_0025,500,kaggle_or_raw,data2/data/raw/five_hundred/IMG_1667889934301.jpg
SRC_002478,PN_500_0026,500,kaggle_or_raw,data2/data/raw/five_hundred/IMG_1667890065731.jpg
SRC_002479,PN_500_0026,500,kaggle_or_raw,data2/data/raw/five_hundred/IMG_1667890109602.jpg
SRC_002480,PN_500_0026,500,kaggle_or_raw,data2/data/raw/five_hundred/IMG_1667890112646.jpg
SRC_002481,PN_500_0026,500,kaggle_or_raw,data2/data/raw/five_hundred/IMG_1667890143127(1).jpg
SRC_002482,PN_500_0026,500,kaggle_or_raw,data2/data/raw/five_hundred/IMG_1667890143127.jpg
SRC_002483,PN_500_0026,500,kaggle_or_raw,data2/data/raw/five_hundred/IMG_1667890168310.jpg
SRC_002484,PN_500_0026,500,kaggle_or_raw,data2/data/raw/five_hundred/IMG_1667890184272.jpg
SRC_002485,PN_500_0026,500,kaggle_or_raw,data2/data/raw/five_hundred/IMG_1667890194908.jpg
SRC_002486,PN_500_0026,500,kaggle_or_raw,data2/data/raw/five_hundred/IMG_1667890201120.jpg
SRC_002487,PN_500_0026,500,kaggle_or_raw,data2/data/raw/five_hundred/IMG_1667890217208.jpg
SRC_002488,PN_500_0027,500,kaggle_or_raw,data2/data/raw/five_hundred/IMG_1667891111846.jpg
SRC_002489,PN_500_0027,500,kaggle_or_raw,data2/data/raw/five_hundred/IMG_1667891117496.jpg
SRC_002490,PN_500_0027,500,kaggle_or_raw,data2/data/raw/five_hundred/IMG_1667891131900.jpg
SRC_002491,PN_500_0027,500,kaggle_or_raw,data2/data/raw/five_hundred/IMG_1667891138776.jpg
SRC_002492,PN_500_0027,500,kaggle_or_raw,data2/data/raw/five_hundred/IMG_1667891144369.jpg
SRC_002493,PN_500_0027,500,kaggle_or_raw,data2/data/raw/five_hundred/IMG_1667891150270.jpg
SRC_002494,PN_500_0027,500,kaggle_or_raw,data2/data/raw/five_hundred/IMG_1667891160630.jpg
SRC_002495,PN_500_0027,500,kaggle_or_raw,data2/data/raw/five_hundred/IMG_1667891172371.jpg
SRC_002496,PN_500_0027,500,kaggle_or_raw,data2/data/raw/five_hundred/IMG_1667891178200.jpg
SRC_002497,PN_500_0027,500,kaggle_or_raw,data2/data/raw/five_hundred/IMG_1667891195919.jpg
SRC_002498,PN_500_0027,500,kaggle_or_raw,data2/data/raw/five_hundred/IMG_1667891202227.jpg
SRC_002499,PN_500_0027,500,kaggle_or_raw,data2/data/raw/five_hundred/IMG_1667891212709.jpg
SRC_002500,PN_500_0027,500,kaggle_or_raw,data2/data/raw/five_hundred/IMG_1667891218604.jpg
SRC_002501,PN_500_0027,500,kaggle_or_raw,data2/data/raw/five_hundred/IMG_1667891223500.jpg
SRC_002502,PN_500_0027,500,kaggle_or_raw,data2/data/raw/five_hundred/IMG_1667891240569.jpg
SRC_002503,PN_500_0027,500,kaggle_or_raw,data2/data/raw/five_hundred/IMG_1667891251703.jpg
SRC_002504,PN_500_0027,500,kaggle_or_raw,data2/data/raw/five_hundred/IMG_1667891259985.jpg
SRC_002505,PN_500_0027,500,kaggle_or_raw,data2/data/raw/five_hundred/IMG_1667891280217.jpg
SRC_002506,PN_500_0028,500,kaggle_or_raw,data2/data/raw/five_hundred/IMG_1667891352472.jpg
SRC_002507,PN_500_0028,500,kaggle_or_raw,data2/data/raw/five_hundred/IMG_1667891358184.jpg
SRC_002508,PN_500_0028,500,kaggle_or_raw,data2/data/raw/five_hundred/IMG_1667891364393.jpg
SRC_002509,PN_500_0028,500,kaggle_or_raw,data2/data/raw/five_hundred/IMG_1667891374634.jpg
SRC_002510,PN_500_0029,500,kaggle_or_raw,data2/data/raw/five_hundred/IMG_1667891445946.jpg
SRC_002511,PN_500_0029,500,kaggle_or_raw,data2/data/raw/five_hundred/IMG_1667891453029.jpg
SRC_002512,PN_500_0029,500,kaggle_or_raw,data2/data/raw/five_hundred/IMG_1667891510452.jpg
SRC_002513,PN_500_0029,500,kaggle_or_raw,data2/data/raw/five_hundred/IMG_1667891516726.jpg
SRC_002514,PN_500_0029,500,kaggle_or_raw,data2/data/raw/five_hundred/IMG_1667891527449.jpg
SRC_002515,PN_500_0029,500,kaggle_or_raw,data2/data/raw/five_hundred/IMG_1667891538726.jpg
SRC_002516,PN_500_0029,500,kaggle_or_raw,data2/data/raw/five_hundred/IMG_1667891543802.jpg
SRC_002517,PN_500_0029,500,kaggle_or_raw,data2/data/raw/five_hundred/IMG_1667891556708.jpg
SRC_002518,PN_500_0029,500,kaggle_or_raw,data2/data/raw/five_hundred/IMG_1667891601631.jpg
SRC_002519,PN_500_0029,500,kaggle_or_raw,data2/data/raw/five_hundred/IMG_1667891634491.jpg
SRC_002520,PN_500_0029,500,kaggle_or_raw,data2/data/raw/five_hundred/IMG_1667891641306.jpg
SRC_002521,PN_500_0029,500,kaggle_or_raw,data2/data/raw/five_hundred/IMG_1667891653904.jpg
SRC_002522,PN_500_0029,500,kaggle_or_raw,data2/data/raw/five_hundred/IMG_1667891661969.jpg
SRC_002523,PN_500_0029,500,kaggle_or_raw,data2/data/raw/five_hundred/IMG_1667891675736.jpg
SRC_002524,PN_500_0029,500,kaggle_or_raw,data2/data/raw/five_hundred/IMG_1667891690533.jpg
SRC_002525,PN_500_0029,500,kaggle_or_raw,data2/data/raw/five_hundred/IMG_1667891697063.jpg
SRC_002526,PN_500_0029,500,kaggle_or_raw,data2/data/raw/five_hundred/IMG_1667891717692.jpg
SRC_002527,PN_500_0029,500,kaggle_or_raw,data2/data/raw/five_hundred/IMG_1667891725917.jpg
SRC_002528,PN_500_0029,500,kaggle_or_raw,data2/data/raw/five_hundred/IMG_1667891762361.jpg
SRC_002529,PN_500_0029,500,kaggle_or_raw,data2/data/raw/five_hundred/IMG_1667891785083.jpg
SRC_002530,PN_500_0029,500,kaggle_or_raw,data2/data/raw/five_hundred/IMG_1667891796856.jpg
SRC_002531,PN_500_0029,500,kaggle_or_raw,data2/data/raw/five_hundred/IMG_1667891824340.jpg
SRC_002532,PN_500_0029,500,kaggle_or_raw,data2/data/raw/five_hundred/IMG_1667891831566.jpg
SRC_002533,PN_500_0029,500,kaggle_or_raw,data2/data/raw/five_hundred/IMG_1667891882052.jpg
SRC_002534,PN_500_0029,500,kaggle_or_raw,data2/data/raw/five_hundred/IMG_1667891888779.jpg
SRC_002535,PN_500_0029,500,kaggle_or_raw,data2/data/raw/five_hundred/IMG_1667891894394.jpg
SRC_002536,PN_500_0029,500,kaggle_or_raw,data2/data/raw/five_hundred/IMG_1667891898397.jpg
SRC_002537,PN_500_0029,500,kaggle_or_raw,data2/data/raw/five_hundred/IMG_1667891906838.jpg
SRC_002538,PN_500_0029,500,kaggle_or_raw,data2/data/raw/five_hundred/IMG_1667891912206.jpg
SRC_002539,PN_500_0029,500,kaggle_or_raw,data2/data/raw/five_hundred/IMG_1667891918821.jpg
SRC_002540,PN_500_0029,500,kaggle_or_raw,data2/data/raw/five_hundred/IMG_1667891924771.jpg
SRC_002541,PN_500_0029,500,kaggle_or_raw,data2/data/raw/five_hundred/IMG_1667891929233.jpg
SRC_002542,PN_500_0029,500,kaggle_or_raw,data2/data/raw/five_hundred/IMG_1667891935867.jpg
SRC_002543,PN_500_0029,500,kaggle_or_raw,data2/data/raw/five_hundred/IMG_1667891941842.jpg
SRC_002544,PN_500_0029,500,kaggle_or_raw,data2/data/raw/five_hundred/IMG_1667891950745.jpg
SRC_002545,PN_500_0029,500,kaggle_or_raw,data2/data/raw/five_hundred/IMG_1667891959331.jpg
SRC_002546,PN_500_0029,500,kaggle_or_raw,data2/data/raw/five_hundred/IMG_1667891964479.jpg
SRC_002547,PN_500_0029,500,kaggle_or_raw,data2/data/raw/five_hundred/IMG_1667891970789.jpg
SRC_002548,PN_500_0029,500,kaggle_or_raw,data2/data/raw/five_hundred/IMG_1667891986351.jpg
SRC_002549,PN_500_0029,500,kaggle_or_raw,data2/data/raw/five_hundred/IMG_1667891990667.jpg
SRC_002550,PN_500_0029,500,kaggle_or_raw,data2/data/raw/five_hundred/IMG_1667891997164.jpg
SRC_002551,PN_500_0029,500,kaggle_or_raw,data2/data/raw/five_hundred/IMG_1667892002654.jpg
SRC_002552,PN_500_0029,500,kaggle_or_raw,data2/data/raw/five_hundred/IMG_1667892012277.jpg
SRC_002553,PN_500_0029,500,kaggle_or_raw,data2/data/raw/five_hundred/IMG_1667892018182.jpg
SRC_002554,PN_500_0029,500,kaggle_or_raw,data2/data/raw/five_hundred/IMG_1667892023466.jpg
SRC_002555,PN_500_0029,500,kaggle_or_raw,data2/data/raw/five_hundred/IMG_1667892030284.jpg
SRC_002556,PN_500_0029,500,kaggle_or_raw,data2/data/raw/five_hundred/IMG_1667892044422.jpg
SRC_002557,PN_500_0029,500,kaggle_or_raw,data2/data/raw/five_hundred/IMG_1667892053423.jpg
SRC_002558,PN_500_0029,500,kaggle_or_raw,data2/data/raw/five_hundred/IMG_1667892085365.jpg
SRC_002559,PN_500_0029,500,kaggle_or_raw,data2/data/raw/five_hundred/IMG_1667892091430.jpg
SRC_002560,PN_500_0029,500,kaggle_or_raw,data2/data/raw/five_hundred/IMG_1667892097832.jpg
SRC_002561,PN_500_0029,500,kaggle_or_raw,data2/data/raw/five_hundred/IMG_1667892105284.jpg
SRC_002562,PN_500_0029,500,kaggle_or_raw,data2/data/raw/five_hundred/IMG_1667892112842.jpg
SRC_002563,PN_500_0029,500,kaggle_or_raw,data2/data/raw/five_hundred/IMG_1667892121612.jpg
SRC_002564,PN_500_0029,500,kaggle_or_raw,data2/data/raw/five_hundred/IMG_1667892127621.jpg
SRC_002565,PN_500_0029,500,kaggle_or_raw,data2/data/raw/five_hundred/IMG_1667892134338.jpg
SRC_002566,PN_500_0029,500,kaggle_or_raw,data2/data/raw/five_hundred/IMG_1667892143572.jpg
SRC_002567,PN_500_0029,500,kaggle_or_raw,data2/data/raw/five_hundred/IMG_1667892149988.jpg
SRC_002568,PN_500_0029,500,kaggle_or_raw,data2/data/raw/five_hundred/IMG_1667892154470.jpg
SRC_002569,PN_500_0029,500,kaggle_or_raw,data2/data/raw/five_hundred/IMG_1667892161218.jpg
SRC_002570,PN_500_0029,500,kaggle_or_raw,data2/data/raw/five_hundred/IMG_1667892165662.jpg
SRC_002571,PN_500_0029,500,kaggle_or_raw,data2/data/raw/five_hundred/IMG_1667892178936.jpg
SRC_002572,PN_500_0029,500,kaggle_or_raw,data2/data/raw/five_hundred/IMG_1667892183702.jpg
SRC_002573,PN_500_0029,500,kaggle_or_raw,data2/data/raw/five_hundred/IMG_1667892192205.jpg
SRC_002574,PN_500_0029,500,kaggle_or_raw,data2/data/raw/five_hundred/IMG_1667892204725.jpg
SRC_002575,PN_500_0029,500,kaggle_or_raw,data2/data/raw/five_hundred/IMG_1667892211311.jpg
SRC_002576,PN_500_0029,500,kaggle_or_raw,data2/data/raw/five_hundred/IMG_1667892216019.jpg
SRC_002577,PN_500_0029,500,kaggle_or_raw,data2/data/raw/five_hundred/IMG_1667892221927.jpg
SRC_002578,10_A,10,real_camera,data2/data/real_currency/10/52a2ace2-76a2-4ed7-9996-968de1935d5a.jpg
SRC_002579,LOW_SRC_002579,10,real_camera,data2/data/real_currency/10/8dcd87ac-1a00-4ee0-9462-e198fd594f57.jpg
SRC_002580,LOW_SRC_002580,10,real_camera,data2/data/real_currency/10/a3b2b825-7ad3-4a30-a9a1-0bddc1365f39.jpg
SRC_002581,LOW_SRC_002581,10,real_camera,data2/data/real_currency/10/a7b1c2c9-5613-4ac5-9abf-c4ee999b1289.jpg
SRC_002582,LOW_SRC_002582,10,real_camera,data2/data/real_currency/10/cd6f17da-5b8b-466c-8cca-4693f75c4ed0.jpg
SRC_002583,LOW_SRC_002583,10,real_camera,data2/data/real_currency/10/d6047f26-1204-4e00-af30-5c1ba2989a1f.jpg
SRC_002584,LOW_SRC_002584,10,real_camera,data2/data/real_currency/10/dad419d1-60fd-443a-a147-db1e5dd5517d.jpg
SRC_002585,CAND_10_003,10,real_camera,data2/data/real_currency/10/IMG20260911084551.jpg
SRC_002586,CAND_10_003,10,real_camera,data2/data/real_currency/10/IMG20260911084555.jpg
SRC_002587,CAND_10_003,10,real_camera,data2/data/real_currency/10/IMG20260911084558.jpg
SRC_002588,CAND_10_003,10,real_camera,data2/data/real_currency/10/IMG20260911084601.jpg
SRC_002589,CAND_10_003,10,real_camera,data2/data/real_currency/10/IMG20260911084609.jpg
SRC_002590,CAND_10_003,10,real_camera,data2/data/real_currency/10/IMG20260911084615.jpg
SRC_002591,CAND_10_003,10,real_camera,data2/data/real_currency/10/IMG20260911084621.jpg
SRC_002592,CAND_10_003,10,real_camera,data2/data/real_currency/10/IMG20260911084626.jpg
SRC_002593,CAND_10_003,10,real_camera,data2/data/real_currency/10/IMG20260911084630.jpg
SRC_002594,CAND_10_003,10,real_camera,data2/data/real_currency/10/IMG20260911084633.jpg
SRC_002595,CAND_10_004,10,real_camera,data2/data/real_currency/10/WhatsApp Image 2026-09-10 at 00.13.18.jpeg
SRC_002596,CAND_10_004,10,real_camera,data2/data/real_currency/10/WhatsApp Image 2026-09-10 at 00.13.20.jpeg
SRC_002597,CAND_10_004,10,real_camera,data2/data/real_currency/10/WhatsApp Image 2026-09-10 at 00.13.29.jpeg
SRC_002598,CAND_10_004,10,real_camera,data2/data/real_currency/10/WhatsApp Image 2026-09-10 at 00.13.30.jpeg
SRC_002599,CAND_10_004,10,real_camera,data2/data/real_currency/10/WhatsApp Image 2026-09-10 at 00.13.32.jpeg
SRC_002600,CAND_10_004,10,real_camera,data2/data/real_currency/10/WhatsApp Image 2026-09-10 at 00.13.33.jpeg
SRC_002601,CAND_10_004,10,real_camera,data2/data/real_currency/10/WhatsApp Image 2026-09-10 at 00.13.34.jpeg
SRC_002602,CAND_10_004,10,real_camera,data2/data/real_currency/10/WhatsApp Image 2026-09-10 at 00.13.49.jpeg
SRC_002603,CAND_10_004,10,real_camera,data2/data/real_currency/10/WhatsApp Image 2026-09-10 at 00.13.51.jpeg
SRC_002604,CAND_10_004,10,real_camera,data2/data/real_currency/10/WhatsApp Image 2026-09-10 at 00.13.53.jpeg
SRC_002605,CAND_10_004,10,real_camera,data2/data/real_currency/10/WhatsApp Image 2026-09-10 at 00.13.54.jpeg
SRC_002606,CAND_10_004,10,real_camera,data2/data/real_currency/10/WhatsApp Image 2026-09-10 at 00.13.56.jpeg
SRC_002607,CAND_10_004,10,real_camera,data2/data/real_currency/10/WhatsApp Image 2026-09-10 at 00.14.00.jpeg
SRC_002608,CAND_10_004,10,real_camera,data2/data/real_currency/10/WhatsApp Image 2026-09-10 at 00.14.01.jpeg
SRC_002609,CAND_10_004,10,real_camera,data2/data/real_currency/10/WhatsApp Image 2026-09-10 at 00.14.02 (1).jpeg
SRC_002610,CAND_10_004,10,real_camera,data2/data/real_currency/10/WhatsApp Image 2026-09-10 at 00.14.02 (2).jpeg
SRC_002611,CAND_10_004,10,real_camera,data2/data/real_currency/10/WhatsApp Image 2026-09-10 at 00.14.02.jpeg
SRC_002612,CAND_10_004,10,real_camera,data2/data/real_currency/10/WhatsApp Image 2026-09-10 at 00.14.03 (1).jpeg
SRC_002613,CAND_10_004,10,real_camera,data2/data/real_currency/10/WhatsApp Image 2026-09-10 at 00.14.03.jpeg
SRC_002614,CAND_10_004,10,real_camera,data2/data/real_currency/10/WhatsApp Image 2026-09-10 at 00.14.04 (1).jpeg
SRC_002615,CAND_10_004,10,real_camera,data2/data/real_currency/10/WhatsApp Image 2026-09-10 at 00.14.04 (2).jpeg
SRC_002616,CAND_10_004,10,real_camera,data2/data/real_currency/10/WhatsApp Image 2026-09-10 at 00.14.04.jpeg
SRC_002617,CAND_10_004,10,real_camera,data2/data/real_currency/10/WhatsApp Image 2026-09-10 at 00.14.05 (1).jpeg
SRC_002618,CAND_10_004,10,real_camera,data2/data/real_currency/10/WhatsApp Image 2026-09-10 at 00.14.05.jpeg
SRC_002619,CAND_10_004,10,real_camera,data2/data/real_currency/10/WhatsApp Image 2026-09-10 at 00.14.06 (1).jpeg
SRC_002620,CAND_10_004,10,real_camera,data2/data/real_currency/10/WhatsApp Image 2026-09-10 at 00.14.06 (2).jpeg
SRC_002621,CAND_10_004,10,real_camera,data2/data/real_currency/10/WhatsApp Image 2026-09-10 at 00.14.06.jpeg
SRC_002622,CAND_10_004,10,real_camera,data2/data/real_currency/10/WhatsApp Image 2026-09-10 at 00.14.07.jpeg
SRC_002623,WA_10_C01,10,real_camera,data2/data/real_currency/10/WhatsApp Image 2026-09-11 at 11.26.02.jpeg
SRC_002624,WA_10_C01,10,real_camera,data2/data/real_currency/10/WhatsApp Image 2026-09-11 at 11.28.16.jpeg
SRC_002625,WA_10_C01,10,real_camera,data2/data/real_currency/10/WhatsApp Image 2026-09-11 at 11.28.18.jpeg
SRC_002626,WA_10_C01,10,real_camera,data2/data/real_currency/10/WhatsApp Image 2026-09-11 at 11.28.19.jpeg
SRC_002627,WA_10_C01,10,real_camera,data2/data/real_currency/10/WhatsApp Image 2026-09-11 at 11.28.23.jpeg
SRC_002628,WA_10_C01,10,real_camera,data2/data/real_currency/10/WhatsApp Image 2026-09-11 at 11.28.24 (1).jpeg
SRC_002629,WA_10_C01,10,real_camera,data2/data/real_currency/10/WhatsApp Image 2026-09-11 at 11.28.24.jpeg
SRC_002630,WA_10_C01,10,real_camera,data2/data/real_currency/10/WhatsApp Image 2026-09-11 at 11.31.26.jpeg
SRC_002631,WA_10_C01,10,real_camera,data2/data/real_currency/10/WhatsApp Image 2026-09-11 at 11.32.03.jpeg
SRC_002632,WA_10_C01,10,real_camera,data2/data/real_currency/10/WhatsApp Image 2026-09-11 at 11.32.27.jpeg
SRC_002633,WA_10_C01,10,real_camera,data2/data/real_currency/10/WhatsApp Image 2026-09-11 at 11.32.31.jpeg
SRC_002634,WA_10_C01,10,real_camera,data2/data/real_currency/10/WhatsApp Image 2026-09-11 at 11.33.20.jpeg
SRC_002635,WA_10_C01,10,real_camera,data2/data/real_currency/10/WhatsApp Image 2026-09-11 at 11.33.22.jpeg
SRC_002636,LOW_SRC_002636,20,real_camera,data2/data/real_currency/20/2150772c-317f-419d-9d7e-281fc14fbb74.jpg
SRC_002637,LOW_SRC_002637,20,real_camera,data2/data/real_currency/20/321d5df7-2c84-4561-9cb5-34552c7ac69f.jpg
SRC_002638,LOW_SRC_002638,20,real_camera,data2/data/real_currency/20/c21c262d-0c11-4e45-bd11-6a749d204e43.jpg
SRC_002639,LOW_SRC_002639,20,real_camera,data2/data/real_currency/20/e1a9468a-e068-4fcd-9bf1-e1de40303ed3.jpg
SRC_002640,LOW_SRC_002640,20,real_camera,data2/data/real_currency/20/e4529102-6a2e-40dc-9acc-e6ddd777d02e.jpg
SRC_002641,WA_20_C01,20,real_camera,data2/data/real_currency/20/WhatsApp Image 2026-09-10 at 12.12.54.jpeg
SRC_002642,WA_20_C01,20,real_camera,data2/data/real_currency/20/WhatsApp Image 2026-09-10 at 12.12.55.jpeg
SRC_002643,WA_20_C01,20,real_camera,data2/data/real_currency/20/WhatsApp Image 2026-09-10 at 12.12.57.jpeg
SRC_002644,WA_20_C01,20,real_camera,data2/data/real_currency/20/WhatsApp Image 2026-09-10 at 12.12.58.jpeg
SRC_002645,WA_20_C01,20,real_camera,data2/data/real_currency/20/WhatsApp Image 2026-09-10 at 12.12.59.jpeg
SRC_002646,WA_20_C01,20,real_camera,data2/data/real_currency/20/WhatsApp Image 2026-09-10 at 12.13.00 (1).jpeg
SRC_002647,WA_20_C01,20,real_camera,data2/data/real_currency/20/WhatsApp Image 2026-09-10 at 12.13.00.jpeg
SRC_002648,WA_20_C02,20,real_camera,data2/data/real_currency/20/WhatsApp Image 2026-09-11 at 11.30.09 (1).jpeg
SRC_002649,WA_20_C02,20,real_camera,data2/data/real_currency/20/WhatsApp Image 2026-09-11 at 11.30.09.jpeg
SRC_002650,WA_20_C02,20,real_camera,data2/data/real_currency/20/WhatsApp Image 2026-09-11 at 11.30.17.jpeg
SRC_002651,WA_20_C02,20,real_camera,data2/data/real_currency/20/WhatsApp Image 2026-09-11 at 11.30.20.jpeg
SRC_002652,WA_20_C02,20,real_camera,data2/data/real_currency/20/WhatsApp Image 2026-09-11 at 11.30.22.jpeg
SRC_002653,WA_20_C02,20,real_camera,data2/data/real_currency/20/WhatsApp Image 2026-09-11 at 11.30.23.jpeg
SRC_002654,WA_20_C02,20,real_camera,data2/data/real_currency/20/WhatsApp Image 2026-09-11 at 11.30.24.jpeg
SRC_002655,WA_20_C02,20,real_camera,data2/data/real_currency/20/WhatsApp Image 2026-09-11 at 11.30.25.jpeg
SRC_002656,WA_20_C02,20,real_camera,data2/data/real_currency/20/WhatsApp Image 2026-09-11 at 11.30.26.jpeg
SRC_002657,WA_20_C02,20,real_camera,data2/data/real_currency/20/WhatsApp Image 2026-09-11 at 11.33.26.jpeg
SRC_002658,WA_20_C02,20,real_camera,data2/data/real_currency/20/WhatsApp Image 2026-09-11 at 11.33.43.jpeg
SRC_002659,WA_20_C02,20,real_camera,data2/data/real_currency/20/WhatsApp Image 2026-09-11 at 11.33.44.jpeg
SRC_002660,WA_20_C02,20,real_camera,data2/data/real_currency/20/WhatsApp Image 2026-09-11 at 11.33.46.jpeg
SRC_002661,WA_20_C02,20,real_camera,data2/data/real_currency/20/WhatsApp Image 2026-09-11 at 11.33.47.jpeg
SRC_002662,WA_20_C02,20,real_camera,data2/data/real_currency/20/WhatsApp Image 2026-09-11 at 11.33.49.jpeg
SRC_002663,WA_20_C02,20,real_camera,data2/data/real_currency/20/WhatsApp Image 2026-09-11 at 11.33.55 (1).jpeg
SRC_002664,WA_20_C02,20,real_camera,data2/data/real_currency/20/WhatsApp Image 2026-09-11 at 11.33.55.jpeg
SRC_002665,WA_20_C02,20,real_camera,data2/data/real_currency/20/WhatsApp Image 2026-09-11 at 11.33.56 (1).jpeg
SRC_002666,WA_20_C02,20,real_camera,data2/data/real_currency/20/WhatsApp Image 2026-09-11 at 11.33.56.jpeg
SRC_002667,WA_20_C02,20,real_camera,data2/data/real_currency/20/WhatsApp Image 2026-09-11 at 11.33.57.jpeg
SRC_002668,WA_20_C02,20,real_camera,data2/data/real_currency/20/WhatsApp Image 2026-09-11 at 11.33.59.jpeg
SRC_002669,WA_20_C02,20,real_camera,data2/data/real_currency/20/WhatsApp Image 2026-09-11 at 11.34.00.jpeg
SRC_002670,WA_20_C02,20,real_camera,data2/data/real_currency/20/WhatsApp Image 2026-09-11 at 11.34.02.jpeg
SRC_002671,LOW_SRC_002671,50,real_camera,data2/data/real_currency/50/2f23c14f-9a6b-4ffd-9c66-be87974894b5.jpg
SRC_002672,LOW_SRC_002672,50,real_camera,data2/data/real_currency/50/30ba7703-870c-4f85-927a-49af72f2c1e4.jpg
SRC_002673,LOW_SRC_002673,50,real_camera,data2/data/real_currency/50/3bec5e72-293a-4111-a811-792f97302e94.jpg
SRC_002674,LOW_SRC_002674,50,real_camera,data2/data/real_currency/50/3ce5e862-47e3-4e68-8055-b07f20a3c66e.jpg
SRC_002675,LOW_SRC_002675,50,real_camera,data2/data/real_currency/50/4e274eb0-0137-43fa-b449-fea604b7f48b.jpg
SRC_002676,LOW_SRC_002676,50,real_camera,data2/data/real_currency/50/5c6165ab-28a0-49b1-9954-bb24f83df7b7.jpg
SRC_002677,LOW_SRC_002677,50,real_camera,data2/data/real_currency/50/6ac1d9b4-1be1-4eae-afa0-97875a181add.jpg
SRC_002678,LOW_SRC_002678,50,real_camera,data2/data/real_currency/50/73800d48-06ac-4aed-af44-45df25727b5b.jpg
SRC_002679,LOW_SRC_002679,50,real_camera,data2/data/real_currency/50/76ff312c-f8e2-4fc8-919d-6a99dbd71ce2.jpg
SRC_002680,LOW_SRC_002680,50,real_camera,data2/data/real_currency/50/82addf9d-93a4-4e76-ac78-7096e4a9ce9e.jpg
SRC_002681,LOW_SRC_002681,50,real_camera,data2/data/real_currency/50/837685ee-25b8-48a0-8384-086a3b44f4ac.jpg
SRC_002682,LOW_SRC_002682,50,real_camera,data2/data/real_currency/50/8425d394-6af7-4575-aa75-f9ecc612673b.jpg
SRC_002683,LOW_SRC_002683,50,real_camera,data2/data/real_currency/50/8eec3069-4cd7-419a-b034-dce331d35f54.jpg
SRC_002684,LOW_SRC_002684,50,real_camera,data2/data/real_currency/50/aabf2201-6cb7-4c86-8194-4be783ecf3b9.jpg
SRC_002685,LOW_SRC_002685,50,real_camera,data2/data/real_currency/50/ad16a24c-83a7-4c81-a74f-f8ddbcaa332e.jpg
SRC_002686,LOW_SRC_002686,50,real_camera,data2/data/real_currency/50/cdac758d-5bcc-4773-be75-3ca07717dc43.jpg
SRC_002687,WA_50_C01,50,real_camera,data2/data/real_currency/50/WhatsApp Image 2026-09-09 at 20.56.22 (1).jpeg
SRC_002688,WA_50_C01,50,real_camera,data2/data/real_currency/50/WhatsApp Image 2026-09-09 at 20.56.24.jpeg
SRC_002689,WA_50_C01,50,real_camera,data2/data/real_currency/50/WhatsApp Image 2026-09-09 at 20.56.25.jpeg
SRC_002690,WA_50_C01,50,real_camera,data2/data/real_currency/50/WhatsApp Image 2026-09-09 at 20.56.28 (1).jpeg
SRC_002691,WA_50_C01,50,real_camera,data2/data/real_currency/50/WhatsApp Image 2026-09-09 at 20.56.28.jpeg
SRC_002692,WA_50_C01,50,real_camera,data2/data/real_currency/50/WhatsApp Image 2026-09-09 at 20.56.29 (1).jpeg
SRC_002693,WA_50_C01,50,real_camera,data2/data/real_currency/50/WhatsApp Image 2026-09-09 at 20.56.29.jpeg
SRC_002694,WA_50_C02,50,real_camera,data2/data/real_currency/50/WhatsApp Image 2026-09-11 at 09.21.27 (1).jpeg
SRC_002695,WA_50_C02,50,real_camera,data2/data/real_currency/50/WhatsApp Image 2026-09-11 at 09.21.27.jpeg
SRC_002696,WA_50_C02,50,real_camera,data2/data/real_currency/50/WhatsApp Image 2026-09-11 at 09.21.28 (1).jpeg
SRC_002697,WA_50_C02,50,real_camera,data2/data/real_currency/50/WhatsApp Image 2026-09-11 at 09.21.28.jpeg
SRC_002698,WA_50_C02,50,real_camera,data2/data/real_currency/50/WhatsApp Image 2026-09-11 at 09.21.29 (1).jpeg
SRC_002699,WA_50_C02,50,real_camera,data2/data/real_currency/50/WhatsApp Image 2026-09-11 at 09.21.29.jpeg
SRC_002700,WA_50_C02,50,real_camera,data2/data/real_currency/50/WhatsApp Image 2026-09-11 at 09.21.30 (1).jpeg
SRC_002701,WA_50_C02,50,real_camera,data2/data/real_currency/50/WhatsApp Image 2026-09-11 at 09.21.30.jpeg
SRC_002702,WA_50_C02,50,real_camera,data2/data/real_currency/50/WhatsApp Image 2026-09-11 at 09.21.31.jpeg
SRC_002703,LOW_SRC_002703,100,real_camera,data2/data/real_currency/100/0d86ef0d-4d38-458c-a69c-fcb97f2f7543.jpg
SRC_002704,LOW_SRC_002704,100,real_camera,data2/data/real_currency/100/12d4c8bc-a25e-4a60-8b8c-9e13b7624a1b.jpg
SRC_002705,LOW_SRC_002705,100,real_camera,data2/data/real_currency/100/17564d17-cddb-4ad8-940b-a86a6ef46938.jpg
SRC_002706,LOW_SRC_002706,100,real_camera,data2/data/real_currency/100/1feb7962-5a73-44be-8082-2d07c2595dba.jpg
SRC_002707,LOW_SRC_002707,100,real_camera,data2/data/real_currency/100/210deb28-3d59-46f7-89b5-5b12f6d189f7.jpg
SRC_002708,LOW_SRC_002708,100,real_camera,data2/data/real_currency/100/227327cc-70c9-49c7-abda-1dddecb4dde9.jpg
SRC_002709,LOW_SRC_002709,100,real_camera,data2/data/real_currency/100/23ab4697-47be-4b5d-8bd8-dbaf05a7ef8e.jpg
SRC_002710,LOW_SRC_002710,100,real_camera,data2/data/real_currency/100/28537431-98ab-49aa-818e-4dafb029e5ed.jpg
SRC_002711,LOW_SRC_002711,100,real_camera,data2/data/real_currency/100/3627db69-3bf7-4a23-a009-0294944e275d (1).jpg
SRC_002712,LOW_SRC_002712,100,real_camera,data2/data/real_currency/100/3627db69-3bf7-4a23-a009-0294944e275d.jpg
SRC_002713,LOW_SRC_002713,100,real_camera,data2/data/real_currency/100/38ac258b-2873-49a4-b15d-11764e9a9a1c.jpg
SRC_002714,LOW_SRC_002714,100,real_camera,data2/data/real_currency/100/3c540e5f-8529-49be-bd35-3c357f593887.jpg
SRC_002715,LOW_SRC_002715,100,real_camera,data2/data/real_currency/100/49c266e2-a44d-4f34-89a0-9ac3688869b0.jpg
SRC_002716,LOW_SRC_002716,100,real_camera,data2/data/real_currency/100/4c0a6342-2d9e-42c8-ac29-94c62912eaf4.jpg
SRC_002717,LOW_SRC_002717,100,real_camera,data2/data/real_currency/100/619aa6bd-8db1-4140-b0a4-144a0f4d76c1.jpg
SRC_002718,LOW_SRC_002718,100,real_camera,data2/data/real_currency/100/62964e55-a0b4-4cb7-99cc-c9c49e9ab013.jpg
SRC_002719,LOW_SRC_002719,100,real_camera,data2/data/real_currency/100/642539ce-8696-4101-b715-e36d934d8a2a.jpg
SRC_002720,LOW_SRC_002720,100,real_camera,data2/data/real_currency/100/6536d6e8-271f-48a0-80b4-86a57906a797.jpg
SRC_002721,LOW_SRC_002721,100,real_camera,data2/data/real_currency/100/6c1d942f-ee75-446c-88a7-ae201c0ae868.jpg
SRC_002722,LOW_SRC_002722,100,real_camera,data2/data/real_currency/100/7495c446-322c-4634-9db4-0b7f168a2389.jpg
SRC_002723,LOW_SRC_002723,100,real_camera,data2/data/real_currency/100/74e5318b-c720-440f-b659-430f92b7ffaf.jpg
SRC_002724,LOW_SRC_002724,100,real_camera,data2/data/real_currency/100/7a3cf1d7-e5e0-4b48-b726-38d1f4658e90.jpg
SRC_002725,LOW_SRC_002725,100,real_camera,data2/data/real_currency/100/8130d7d6-e845-4627-ae99-c1be814e3d3b.jpg
SRC_002726,LOW_SRC_002726,100,real_camera,data2/data/real_currency/100/87bf1de0-d58b-4dd8-8bd1-7bb847e04930.jpg
SRC_002727,LOW_SRC_002727,100,real_camera,data2/data/real_currency/100/8d7e0f22-c4a4-4ec3-9979-df3891d40590.jpg
SRC_002728,LOW_SRC_002728,100,real_camera,data2/data/real_currency/100/8e0e88ab-cba5-4eb0-9f94-83f871bdab54.jpg
SRC_002729,LOW_SRC_002729,100,real_camera,data2/data/real_currency/100/97be1f5f-2705-4f5c-b523-7490f266e8f6.jpg
SRC_002730,LOW_SRC_002730,100,real_camera,data2/data/real_currency/100/99128373-a571-4c6e-9c47-40ee87102aad.jpg
SRC_002731,LOW_SRC_002731,100,real_camera,data2/data/real_currency/100/a25d0846-4664-466f-897d-fea74ff25170.jpg
SRC_002732,LOW_SRC_002732,100,real_camera,data2/data/real_currency/100/ab351f8d-63da-477d-b62f-1ecb0a33dee9.jpg
SRC_002733,LOW_SRC_002733,100,real_camera,data2/data/real_currency/100/ad30ee07-db48-4625-a535-ef766fa610f1.jpg
SRC_002734,LOW_SRC_002734,100,real_camera,data2/data/real_currency/100/b6af5efb-fbd0-4966-915e-5b16658c513b.jpg
SRC_002735,LOW_SRC_002735,100,real_camera,data2/data/real_currency/100/ba949dcd-d1c7-4ba5-9bf1-f68fb517dff1.jpg
SRC_002736,LOW_SRC_002736,100,real_camera,data2/data/real_currency/100/bac3869f-b937-483d-80d4-69902bd6d4b7.jpg
SRC_002737,LOW_SRC_002737,100,real_camera,data2/data/real_currency/100/bb6bbfee-37d2-4323-b11b-b73961379278.jpg
SRC_002738,LOW_SRC_002738,100,real_camera,data2/data/real_currency/100/bdb21a73-6928-4e39-b331-5b9a66281a73.jpg
SRC_002739,LOW_SRC_002739,100,real_camera,data2/data/real_currency/100/d746a21b-8520-4fe9-b1f5-4e42a8e11da5.jpg
SRC_002740,LOW_SRC_002740,100,real_camera,data2/data/real_currency/100/db06ec1e-f3a8-4500-b1eb-5bf71eaff802.jpg
SRC_002741,LOW_SRC_002741,100,real_camera,data2/data/real_currency/100/dbd6e598-1ba0-419c-8fca-b87d4a5c962e.jpg
SRC_002742,LOW_SRC_002742,100,real_camera,data2/data/real_currency/100/dc8aa868-c8b7-4ddc-ab33-3391f509d193.jpg
SRC_002743,LOW_SRC_002743,100,real_camera,data2/data/real_currency/100/def2bad7-7be0-45ec-91ec-dcded2e098be.jpg
SRC_002744,LOW_SRC_002744,100,real_camera,data2/data/real_currency/100/dfd4dcfc-2a08-4e2c-bf6f-df7e1d002344.jpg
SRC_002745,LOW_SRC_002745,100,real_camera,data2/data/real_currency/100/e7dc4292-a95d-4354-8530-cc1dc42e5e43.jpg
SRC_002746,LOW_SRC_002746,100,real_camera,data2/data/real_currency/100/ec0d69da-b398-4731-bc5d-ef558ee2727c.jpg
SRC_002747,LOW_SRC_002747,100,real_camera,data2/data/real_currency/100/ed1a7271-0e17-4e47-8b1e-b31372e78c03.jpg
SRC_002748,LOW_SRC_002748,100,real_camera,data2/data/real_currency/100/f42a01b9-c964-4dc1-b261-8db6381da61e.jpg
SRC_002749,LOW_SRC_002749,100,real_camera,data2/data/real_currency/100/f617edd5-502c-4520-9cd2-d52dd41c22d2.jpg
SRC_002750,LOW_SRC_002750,100,real_camera,data2/data/real_currency/100/ff5cd93f-9c46-4beb-b8cb-423a043734d1.jpg
SRC_002751,IMG_100_C01,100,real_camera,data2/data/real_currency/100/IMG20260911084355.jpg
SRC_002752,IMG_100_C01,100,real_camera,data2/data/real_currency/100/IMG20260911084401.jpg
SRC_002753,IMG_100_C01,100,real_camera,data2/data/real_currency/100/IMG20260911084406.jpg
SRC_002754,IMG_100_C01,100,real_camera,data2/data/real_currency/100/IMG20260911084417.jpg
SRC_002755,IMG_100_C01,100,real_camera,data2/data/real_currency/100/IMG20260911084422.jpg
SRC_002756,IMG_100_C01,100,real_camera,data2/data/real_currency/100/IMG20260911084426.jpg
SRC_002757,IMG_100_C01,100,real_camera,data2/data/real_currency/100/IMG20260911084430.jpg
SRC_002758,IMG_100_C01,100,real_camera,data2/data/real_currency/100/IMG20260911084437.jpg
SRC_002759,IMG_100_C01,100,real_camera,data2/data/real_currency/100/IMG20260911084444.jpg
SRC_002760,IMG_100_C01,100,real_camera,data2/data/real_currency/100/IMG20260911084453.jpg
SRC_002761,IMG_100_C01,100,real_camera,data2/data/real_currency/100/IMG20260911084500.jpg
SRC_002762,IMG_100_C01,100,real_camera,data2/data/real_currency/100/IMG20260911084508.jpg
SRC_002763,IMG_100_C01,100,real_camera,data2/data/real_currency/100/IMG20260911084511.jpg
SRC_002764,IMG_100_C02,100,real_camera,data2/data/real_currency/100/IMG20260911090044.jpg
SRC_002765,IMG_100_C02,100,real_camera,data2/data/real_currency/100/IMG20260911090047.jpg
SRC_002766,IMG_100_C02,100,real_camera,data2/data/real_currency/100/IMG20260911090050.jpg
SRC_002767,IMG_100_C02,100,real_camera,data2/data/real_currency/100/IMG20260911090055.jpg
SRC_002768,IMG_100_C02,100,real_camera,data2/data/real_currency/100/IMG20260911090102.jpg
SRC_002769,IMG_100_C02,100,real_camera,data2/data/real_currency/100/IMG20260911090108.jpg
SRC_002770,IMG_100_C02,100,real_camera,data2/data/real_currency/100/IMG20260911090117.jpg
SRC_002771,IMG_100_C02,100,real_camera,data2/data/real_currency/100/IMG20260911090121.jpg
SRC_002772,IMG_100_C02,100,real_camera,data2/data/real_currency/100/IMG20260911090124.jpg
SRC_002773,IMG_100_C02,100,real_camera,data2/data/real_currency/100/IMG20260911090135.jpg
SRC_002774,IMG_100_C02,100,real_camera,data2/data/real_currency/100/IMG20260911090139.jpg
SRC_002775,IMG_100_C02,100,real_camera,data2/data/real_currency/100/IMG20260911090143.jpg
SRC_002776,IMG_100_C02,100,real_camera,data2/data/real_currency/100/IMG20260911090151.jpg
SRC_002777,IMG_100_C03,100,real_camera,data2/data/real_currency/100/IMG20260911110432.jpg
SRC_002778,IMG_100_C03,100,real_camera,data2/data/real_currency/100/IMG20260911110435.jpg
SRC_002779,IMG_100_C03,100,real_camera,data2/data/real_currency/100/IMG20260911110438.jpg
SRC_002780,IMG_100_C03,100,real_camera,data2/data/real_currency/100/IMG20260911110443.jpg
SRC_002781,IMG_100_C03,100,real_camera,data2/data/real_currency/100/IMG20260911110446.jpg
SRC_002782,IMG_100_C03,100,real_camera,data2/data/real_currency/100/IMG20260911110451.jpg
SRC_002783,IMG_100_C03,100,real_camera,data2/data/real_currency/100/IMG20260911110459.jpg
SRC_002784,WA_100_C01,100,real_camera,data2/data/real_currency/100/WhatsApp Image 2026-09-09 at 20.55.55 - Copy.jpeg
SRC_002785,WA_100_C01,100,real_camera,data2/data/real_currency/100/WhatsApp Image 2026-09-09 at 20.55.55.jpeg
SRC_002786,WA_100_C01,100,real_camera,data2/data/real_currency/100/WhatsApp Image 2026-09-09 at 20.55.56 - Copy.jpeg
SRC_002787,WA_100_C01,100,real_camera,data2/data/real_currency/100/WhatsApp Image 2026-09-09 at 20.55.56.jpeg
SRC_002788,WA_100_C01,100,real_camera,data2/data/real_currency/100/WhatsApp Image 2026-09-09 at 20.55.57 (1) - Copy.jpeg
SRC_002789,WA_100_C01,100,real_camera,data2/data/real_currency/100/WhatsApp Image 2026-09-09 at 20.55.57 (1).jpeg
SRC_002790,WA_100_C01,100,real_camera,data2/data/real_currency/100/WhatsApp Image 2026-09-09 at 20.55.57 (2) - Copy.jpeg
SRC_002791,WA_100_C01,100,real_camera,data2/data/real_currency/100/WhatsApp Image 2026-09-09 at 20.55.57 (2).jpeg
SRC_002792,WA_100_C01,100,real_camera,data2/data/real_currency/100/WhatsApp Image 2026-09-09 at 20.55.57 - Copy.jpeg
SRC_002793,WA_100_C01,100,real_camera,data2/data/real_currency/100/WhatsApp Image 2026-09-09 at 20.55.57.jpeg
SRC_002794,WA_100_C01,100,real_camera,data2/data/real_currency/100/WhatsApp Image 2026-09-09 at 20.55.58 (1) - Copy.jpeg
SRC_002795,WA_100_C01,100,real_camera,data2/data/real_currency/100/WhatsApp Image 2026-09-09 at 20.55.58 (1).jpeg
SRC_002796,WA_100_C01,100,real_camera,data2/data/real_currency/100/WhatsApp Image 2026-09-09 at 20.55.58 - Copy.jpeg
SRC_002797,WA_100_C01,100,real_camera,data2/data/real_currency/100/WhatsApp Image 2026-09-09 at 20.55.58.jpeg
SRC_002798,WA_100_C01,100,real_camera,data2/data/real_currency/100/WhatsApp Image 2026-09-09 at 20.55.59 - Copy.jpeg
SRC_002799,WA_100_C01,100,real_camera,data2/data/real_currency/100/WhatsApp Image 2026-09-09 at 20.55.59.jpeg
SRC_002800,WA_100_C01,100,real_camera,data2/data/real_currency/100/WhatsApp Image 2026-09-09 at 20.56.20 - Copy.jpeg
SRC_002801,WA_100_C01,100,real_camera,data2/data/real_currency/100/WhatsApp Image 2026-09-09 at 20.56.20.jpeg
SRC_002802,WA_100_C01,100,real_camera,data2/data/real_currency/100/WhatsApp Image 2026-09-09 at 20.56.21 - Copy.jpeg
SRC_002803,WA_100_C01,100,real_camera,data2/data/real_currency/100/WhatsApp Image 2026-09-09 at 20.56.21.jpeg
SRC_002804,WA_100_C01,100,real_camera,data2/data/real_currency/100/WhatsApp Image 2026-09-09 at 20.56.22 - Copy.jpeg
SRC_002805,WA_100_C01,100,real_camera,data2/data/real_currency/100/WhatsApp Image 2026-09-09 at 20.56.22.jpeg
SRC_002806,WA_100_C01,100,real_camera,data2/data/real_currency/100/WhatsApp Image 2026-09-09 at 20.56.23 (1) - Copy.jpeg
SRC_002807,WA_100_C01,100,real_camera,data2/data/real_currency/100/WhatsApp Image 2026-09-09 at 20.56.23 (1).jpeg
SRC_002808,WA_100_C01,100,real_camera,data2/data/real_currency/100/WhatsApp Image 2026-09-09 at 20.56.23 - Copy.jpeg
SRC_002809,WA_100_C01,100,real_camera,data2/data/real_currency/100/WhatsApp Image 2026-09-09 at 20.56.23.jpeg
SRC_002810,WA_100_C01,100,real_camera,data2/data/real_currency/100/WhatsApp Image 2026-09-09 at 20.56.24 (1) - Copy.jpeg
SRC_002811,WA_100_C01,100,real_camera,data2/data/real_currency/100/WhatsApp Image 2026-09-09 at 20.56.24 (1).jpeg
SRC_002812,WA_100_C01,100,real_camera,data2/data/real_currency/100/WhatsApp Image 2026-09-09 at 20.56.24 (2) - Copy.jpeg
SRC_002813,WA_100_C01,100,real_camera,data2/data/real_currency/100/WhatsApp Image 2026-09-09 at 20.56.24 (2).jpeg
SRC_002814,LOW_SRC_002814,200,real_camera,data2/data/real_currency/200/06ffb36f-1065-481c-8c97-7e353cbcebde.jpg
SRC_002815,LOW_SRC_002815,200,real_camera,data2/data/real_currency/200/2238127f-1181-4c07-953e-204afb5ed6ff.jpg
SRC_002816,LOW_SRC_002816,200,real_camera,data2/data/real_currency/200/30b46641-9af4-4334-9089-df772d8d7c22.jpg
SRC_002817,LOW_SRC_002817,200,real_camera,data2/data/real_currency/200/38f8b805-34ed-4f45-ba2d-c409ee6b3aad.jpg
SRC_002818,LOW_SRC_002818,200,real_camera,data2/data/real_currency/200/3c71ddd0-b99e-4937-94ab-c9f640ff3bc9.jpg
SRC_002819,LOW_SRC_002819,200,real_camera,data2/data/real_currency/200/4f87072d-9350-4baa-b996-fbfab3e5f1ae.jpg
SRC_002820,LOW_SRC_002820,200,real_camera,data2/data/real_currency/200/55241d16-0f15-454b-a8ed-3e7d572ed4f2.jpg
SRC_002821,LOW_SRC_002821,200,real_camera,data2/data/real_currency/200/5722ae2c-243c-4fac-bd2f-2436f4030f51.jpg
SRC_002822,LOW_SRC_002822,200,real_camera,data2/data/real_currency/200/5e5c3748-66a8-4ca5-a010-d0bad42cc600.jpg
SRC_002823,LOW_SRC_002823,200,real_camera,data2/data/real_currency/200/617e06a1-e4f3-43e4-b32f-64ea5812bb15.jpg
SRC_002824,LOW_SRC_002824,200,real_camera,data2/data/real_currency/200/66ec4ebb-9491-4e41-84be-ff183cf6e666.jpg
SRC_002825,LOW_SRC_002825,200,real_camera,data2/data/real_currency/200/7418c8e8-d006-4242-ab9e-52333cfb03a5.jpg
SRC_002826,LOW_SRC_002826,200,real_camera,data2/data/real_currency/200/828a3b2b-3049-4450-8ce6-82a74ee12b7b.jpg
SRC_002827,LOW_SRC_002827,200,real_camera,data2/data/real_currency/200/8b73e351-7d06-4c8c-bc7f-affe49b392c6.jpg
SRC_002828,LOW_SRC_002828,200,real_camera,data2/data/real_currency/200/9de8ba38-432f-430d-b789-a7a2e0ca72f3.jpg
SRC_002829,LOW_SRC_002829,200,real_camera,data2/data/real_currency/200/a4e77115-800c-4164-8390-e4a6f1a321e5.jpg
SRC_002830,LOW_SRC_002830,200,real_camera,data2/data/real_currency/200/accc669c-840e-461f-a3d4-6b21fd32f4f5.jpg
SRC_002831,LOW_SRC_002831,200,real_camera,data2/data/real_currency/200/b57be2f8-2620-43a0-899c-76eb2cfe2214.jpg
SRC_002832,LOW_SRC_002832,200,real_camera,data2/data/real_currency/200/b5ee7e4a-03c7-428f-b7fc-7d73cbcfebd2.jpg
SRC_002833,LOW_SRC_002833,200,real_camera,data2/data/real_currency/200/c110d9ad-d968-4bc7-afad-e562dafdea60.jpg
SRC_002834,LOW_SRC_002834,200,real_camera,data2/data/real_currency/200/c1643e74-ac48-4f70-8aca-ebce05853386.jpg
SRC_002835,LOW_SRC_002835,200,real_camera,data2/data/real_currency/200/d174fb8b-b499-4831-bd9e-2f73adde383c.jpg
SRC_002836,LOW_SRC_002836,200,real_camera,data2/data/real_currency/200/e5ce9d08-c6ea-4763-9443-940f4f4b45e1.jpg
SRC_002837,LOW_SRC_002837,200,real_camera,data2/data/real_currency/200/fa6a1478-4e2f-4f90-97b0-671237339e9a.jpg
SRC_002838,WA_200_C01,200,real_camera,data2/data/real_currency/200/WhatsApp Image 2026-09-10 at 18.48.51 (1).jpeg
SRC_002839,WA_200_C01,200,real_camera,data2/data/real_currency/200/WhatsApp Image 2026-09-10 at 18.48.51.jpeg
SRC_002840,WA_200_C01,200,real_camera,data2/data/real_currency/200/WhatsApp Image 2026-09-10 at 18.48.52 (1).jpeg
SRC_002841,WA_200_C01,200,real_camera,data2/data/real_currency/200/WhatsApp Image 2026-09-10 at 18.48.52.jpeg
SRC_002842,WA_200_C01,200,real_camera,data2/data/real_currency/200/WhatsApp Image 2026-09-10 at 18.48.53.jpeg
SRC_002843,LOW_SRC_002843,500,real_camera,data2/data/real_currency/500/0aea4b20-0b26-4ca6-9b61-0a615773e0e9.jpg
SRC_002844,LOW_SRC_002844,500,real_camera,data2/data/real_currency/500/1cf05260-14f1-4015-a652-e4866c406d2d.jpg
SRC_002845,LOW_SRC_002845,500,real_camera,data2/data/real_currency/500/2294db75-dd99-462a-8708-a42f145b5e13.jpg
SRC_002846,LOW_SRC_002846,500,real_camera,data2/data/real_currency/500/284a4da0-a103-4fea-bdff-5afb1fcc9bb3.jpg
SRC_002847,LOW_SRC_002847,500,real_camera,data2/data/real_currency/500/3d82a6b6-f356-4605-8c4d-d5bee9204163.jpg
SRC_002848,LOW_SRC_002848,500,real_camera,data2/data/real_currency/500/41a33b13-761b-4380-9604-9600f8737201.jpg
SRC_002849,LOW_SRC_002849,500,real_camera,data2/data/real_currency/500/5062c788-52e7-40c1-836e-a7cfc0967732.jpg
SRC_002850,LOW_SRC_002850,500,real_camera,data2/data/real_currency/500/557a6272-5246-4df7-b2fd-92db8037ad5a.jpg
SRC_002851,LOW_SRC_002851,500,real_camera,data2/data/real_currency/500/56b23c5c-c002-4a51-bb4c-5b7fdfd82802.jpg
SRC_002852,LOW_SRC_002852,500,real_camera,data2/data/real_currency/500/63420e33-e9e4-43b5-a0e8-4764f50da090.jpg
SRC_002853,LOW_SRC_002853,500,real_camera,data2/data/real_currency/500/6861e866-91ba-4d89-9b4f-74a8d7a9d3e2.jpg
SRC_002854,LOW_SRC_002854,500,real_camera,data2/data/real_currency/500/6d95c455-b239-428e-aa02-6e9c92e5a653.jpg
SRC_002855,LOW_SRC_002855,500,real_camera,data2/data/real_currency/500/71b2717e-2e19-42d9-a50a-ce0777c60e5a.jpg
SRC_002856,LOW_SRC_002856,500,real_camera,data2/data/real_currency/500/75f1549c-62e7-41e0-977f-da1ba5c12987.jpg
SRC_002857,LOW_SRC_002857,500,real_camera,data2/data/real_currency/500/7ddb4a2c-3ffa-495e-aa9e-86deda0f0065.jpg
SRC_002858,LOW_SRC_002858,500,real_camera,data2/data/real_currency/500/803913d8-ec7e-4c27-8f25-cab86a3ba5f2.jpg
SRC_002859,LOW_SRC_002859,500,real_camera,data2/data/real_currency/500/880da791-e167-442c-878e-3dd40cd1d623.jpg
SRC_002860,LOW_SRC_002860,500,real_camera,data2/data/real_currency/500/8c09febf-dda2-43e2-bb4c-188b119a143e.jpg
SRC_002861,LOW_SRC_002861,500,real_camera,data2/data/real_currency/500/8e792426-6f09-4e66-a193-c3301f4db4e0.jpg
SRC_002862,LOW_SRC_002862,500,real_camera,data2/data/real_currency/500/903408c1-5ddd-4ea6-bafb-c652f4b64da7.jpg
SRC_002863,LOW_SRC_002863,500,real_camera,data2/data/real_currency/500/911b0961-0d0f-4268-8887-feec25181aa8.jpg
SRC_002864,LOW_SRC_002864,500,real_camera,data2/data/real_currency/500/9772ff7c-33cd-4cb3-9ec7-132712f21faa.jpg
SRC_002865,LOW_SRC_002865,500,real_camera,data2/data/real_currency/500/9e075829-6de8-45bf-93f9-a9f78588968d.jpg
SRC_002866,LOW_SRC_002866,500,real_camera,data2/data/real_currency/500/a145885a-c6e5-47c1-8ea7-0c9f40b662ea.jpg
SRC_002867,LOW_SRC_002867,500,real_camera,data2/data/real_currency/500/a381f42f-c30a-4828-9f78-70173169269d.jpg
SRC_002868,LOW_SRC_002868,500,real_camera,data2/data/real_currency/500/a3a8f9a4-c9ec-4462-b9a8-62a42abcae87.jpg
SRC_002869,LOW_SRC_002869,500,real_camera,data2/data/real_currency/500/aba6f16a-dd0a-4db1-ada8-d987d3b8c628.jpg
SRC_002870,LOW_SRC_002870,500,real_camera,data2/data/real_currency/500/ac3cac82-bad9-4f46-a195-64a137200d6f.jpg
SRC_002871,LOW_SRC_002871,500,real_camera,data2/data/real_currency/500/ad488776-98ab-4d34-9649-bb3b7e754bda.jpg
SRC_002872,LOW_SRC_002872,500,real_camera,data2/data/real_currency/500/c770d248-dfc9-48fa-b29f-48607f6ef505.jpg
SRC_002873,LOW_SRC_002873,500,real_camera,data2/data/real_currency/500/c8c598de-008a-4500-ba6e-e057a6d8eb6c.jpg
SRC_002874,LOW_SRC_002874,500,real_camera,data2/data/real_currency/500/cd44e754-ff1a-425c-8483-9fd1e5d114d3.jpg
SRC_002875,LOW_SRC_002875,500,real_camera,data2/data/real_currency/500/d642b89f-263a-472d-a549-89ee0cd82c13.jpg
SRC_002876,LOW_SRC_002876,500,real_camera,data2/data/real_currency/500/d7f1e565-3ff7-4714-80a2-bb2dbb346dde.jpg
SRC_002877,LOW_SRC_002877,500,real_camera,data2/data/real_currency/500/dcb03aa1-aca3-4106-aed6-433d398b0efe.jpg
SRC_002878,LOW_SRC_002878,500,real_camera,data2/data/real_currency/500/dfe28a14-4cfd-47b8-a330-0e11c04c0e5c.jpg
SRC_002879,LOW_SRC_002879,500,real_camera,data2/data/real_currency/500/e794d154-f917-4d46-8509-512e51366411.jpg
SRC_002880,LOW_SRC_002880,500,real_camera,data2/data/real_currency/500/eff29a4a-9bd6-4599-944e-1435cdf9fe30.jpg
SRC_002881,LOW_SRC_002881,500,real_camera,data2/data/real_currency/500/f1725835-050b-40fb-a548-2b6eccd21c27.jpg
SRC_002882,LOW_SRC_002882,500,real_camera,data2/data/real_currency/500/faa99c97-8f47-47c7-ac77-cbfce7da73db.jpg
SRC_002883,WA_500_C01,500,real_camera,data2/data/real_currency/500/WhatsApp Image 2026-09-09 at 19.32.31.jpeg
SRC_002884,WA_500_C01,500,real_camera,data2/data/real_currency/500/WhatsApp Image 2026-09-09 at 19.32.32 (1).jpeg
SRC_002885,WA_500_C01,500,real_camera,data2/data/real_currency/500/WhatsApp Image 2026-09-09 at 19.32.32.jpeg
SRC_002886,WA_500_C01,500,real_camera,data2/data/real_currency/500/WhatsApp Image 2026-09-09 at 19.32.33.jpeg
